Ürün Adı,İlk Dönem,Son Dönem,İlk Skor,Son Skor,Değişim,Mutlak_Değişim
TRENDYOLMİLLA Siyah Kemerli Mini Dokuma Ceket Elbise TWOAW22EL0243,2022-03,2025-01,0.928571,0.4,-0.528571,0.528571
Trendyol Curve Mavi Dokuma Beli Lastik ve Düğme Detaylı Elbise TBBSS22EL1563,2023-01,2025-01,0.333333,0.833333,0.5,0.5
Trendyol Curve Kahverengi Büzgü Detaylı Midi Örme Elbise TBBSS24AH00080,2024-03,2025-03,0.4,0.884615,0.484615,0.484615
TRENDYOLMİLLA Beyaz Skater/Belden Açılan Brode Mini Astarlı Dokuma Elbise TWOSS21EL3680,2022-03,2024-10,0.92,0.5,-0.42,0.42
TRENDYOLMİLLA Beyaz A Kesim Yaka Detaylı Brode Mini Astarlı Dokuma Elbise TWOSS21EL2089,2022-04,2025-03,0.948718,0.533333,-0.415385,0.415385
TRENDYOLMİLLA Çok Renkli Ayarlanabilir Askılı Baskılı Askılı Bürümcük/Dokulu Örme Midi Elbise TWOSS24EL00401,2024-02,2025-02,1.0,0.588235,-0.411765,0.411765
TRENDYOLMİLLA Siyah Mini Triko Pileli Etek Detaylı Elbise TWOAW24EL00013,2023-08,2025-03,0.848485,0.454545,-0.393939,0.393939
TRENDYOLMİLLA Siyah Eteği Volanlı A Kesim Şifon Midi Astarlı Dokuma Elbise TWOSS22EL00733,2022-05,2024-08,0.975,0.6,-0.375,0.375
TRENDYOLMİLLA Haki Gömlek Yaka Dokuma Elbise TWOAW21EL1964,2022-03,2025-02,0.863636,0.5,-0.363636,0.363636
TRENDYOLMİLLA Beyaz Dokuma %100 Pamuk Mini Plaj Elbisesi TBESS21EL3979,2022-03,2025-02,0.944444,0.595238,-0.349206,0.349206
Trendyol Curve Koyu Mavi Kuşak Detaylı Mini Denim Gömlek Elbise TBBSS24AH00124,2024-04,2025-02,0.619048,0.959184,0.340136,0.340136
TRENDYOLMİLLA Taş Kuşaklı A Kesim Mini Kruvaze Yaka Dokuma Keten Görünümlü Elbise TWOSS19XN0008,2022-03,2024-11,1.0,0.661538,-0.338462,0.338462
TRENDYOLMİLLA Lacivert Kuşaklı Yırtmaçlı Çiçek Desenli Midi Dokuma Gömlek Elbise TWOSS20EL2822,2022-04,2024-11,0.893617,0.56,-0.333617,0.333617
TRENDYOLMİLLA Siyah Vücuda Oturan Gipeli Mini Dokuma Elbise TWOSS23EL00892,2023-03,2024-07,0.888889,0.555556,-0.333333,0.333333
TRENDYOLMİLLA Çok Renkli Çiçek Desenli Belden Açılan Mini Astarlı Şifon Dokuma Elbise TWOAW24EL00841,2023-08,2025-03,0.866667,0.538462,-0.328205,0.328205
TRENDYOLMİLLA Mavi Çiçek Desenli A Kesim Volanlı Astarlı Midi Dokuma Elbise TWOSS20EL0894,2023-04,2024-12,0.876712,0.566667,-0.310046,0.310046
TRENDYOLMİLLA Siyah Kruvaze Bağlama Detaylı Mini Mono Desenli Dokuma Elbise TWOAW24EL00488,2023-09,2025-02,0.944444,0.636364,-0.308081,0.308081
TRENDYOLMİLLA Siyah Düğme Detaylı Kolsuz Dokuma Mini Ceket Elbise TWOSS19AP0280,2022-03,2025-03,0.428571,0.733333,0.304762,0.304762
TRENDYOLMİLLA Limited Edition Pembe Kareli Midi Dokuma Ceket Elbise TWOSS21EL3581,2022-03,2024-10,1.0,0.7,-0.3,0.3
TRENDYOLMİLLA Mavi Dikiş Detaylı Fitted/Vücuda Oturan Mini Denim Elbise TWOSS24EL00284,2024-02,2025-03,1.0,0.7,-0.3,0.3
TRENDYOLMİLLA X Sagaza Studio Siyah Belden Açılan/Skater Beli Lastikli Piliseli Poplin Elbise TCLAW24EL00000,2023-09,2025-03,0.611111,0.909091,0.29798,0.29798
TRENDYOLMİLLA Siyah Dokuma Püsküllü Cut Out/Pencere Maxi Plaj Elbisesi TBESS21EL3624,2022-03,2025-03,0.714286,1.0,0.285714,0.285714
Trendyol Curve Siyah Ayarlanabilir Askılı Vücuda Oturan Midi/Orta Boy Dokuma Büyük Beden Elbise TBBSS22AH00039,2022-11,2025-01,1.0,0.714286,-0.285714,0.285714
TRENDYOLMİLLA Mint Düz Kesim Cepli Gömlek Yaka Keten Görünümlü Mini Dokuma Elbise TWOSS22EL1068,2022-03,2024-10,1.0,0.714286,-0.285714,0.285714
TRENDYOLMİLLA Kırmızı Düğme Detaylı Mini Dokuma Ceket Elbise TWOAW24EL00462,2023-09,2025-03,0.952381,0.666667,-0.285714,0.285714
TRENDYOLMİLLA Çiçek Desenli Mini Dokuma Cut Out/Pencere Plaj Elbisesi TBESS21EL1054,2022-03,2024-07,1.0,0.72,-0.28,0.28
TRENDYOLMİLLA Lacivert Maxi Triko Polo Yaka Elbise TWOSS24EL00282,2024-04,2025-03,0.666667,0.944444,0.277778,0.277778
TRENDYOLMİLLA Siyah Düz Kesim Saten Askılı Maxi Dokuma Elbise TWOSS24EL00163,2024-03,2025-02,0.944444,0.666667,-0.277778,0.277778
TRENDYOLMİLLA Siyah Vücudu Saran Gömlek Yaka Mini Dokuma Elbise TWOAW23EL00611,2022-09,2025-02,1.0,0.727273,-0.272727,0.272727
TRENDYOLMİLLA Bridal Beyaz A-Kesim Straplez Dokuma Düğün/Nikah Abiye Elbise TPRSS24EL00139,2024-03,2025-03,0.533333,0.8,0.266667,0.266667
TRENDYOLMİLLA Kiremit Çiçekli A Kesim Fırfırlı Astarlı Mini Dokuma Elbise TWOSS20EL0681,2022-04,2024-10,0.925,0.666667,-0.258333,0.258333
TRENDYOLMİLLA Siyah Limited Edition Vücuda Oturan Drape Detaylı Mini Gabardin Dokuma Elbise TWOAW21EL1388,2022-03,2024-11,0.857143,0.6,-0.257143,0.257143
TRENDYOLMİLLA Camel Kemerli Mini Dokuma Elbise TWOAW22EL0446,2022-03,2025-03,0.857143,0.6,-0.257143,0.257143
TRENDYOLMİLLA Siyah Mini Triko Geniş Kalıp Elbise TWOAW23EL00026,2022-09,2024-12,0.956522,0.7,-0.256522,0.256522
TRENDYOLMİLLA Yeşil Rahat Kesim V Yaka Midi Dokuma Elbise TWOSS23EL00882,2023-03,2024-10,0.944444,0.690909,-0.253535,0.253535
TRENDYOLMİLLA Siyah Düz T-shirt Elbise %100 Pamuk Yırtmaç Detaylı Shift/Rahat Kesim Midi TWOSS24EL00140,2024-03,2025-03,0.615385,0.866667,0.251282,0.251282
Trendyol Curve Siyah Çıtır Çiçekli Astarlı Uzun Kol Midi/Orta Boy Şifon Elbise TBBAW24AH00027,2023-08,2025-03,1.0,0.75,-0.25,0.25
TRENDYOLMİLLA Ekru Kuşaklı Midi Düğmeli Kare Yaka Dokuma Keten Görünümlü Elbise TWOSS19IE0009,2022-03,2024-09,0.944444,0.7,-0.244444,0.244444
TRENDYOLMİLLA Siyah Vücuda Oturan Astarlı Korse Detaylı Örme Kısa Şık Abiye Elbise TPRSS23EL00174,2023-02,2024-11,0.857143,0.615385,-0.241758,0.241758
TRENDYOLMİLLA Siyah Kuşaklı Kruvaze Dokuma Elbise TWOAW20EL0789,2022-03,2025-03,0.954545,0.714286,-0.24026,0.24026
TRENDYOLMİLLA Yeşil Çiçek Desenli A-Kesim Fırfır Detaylı Astarlı Şifon Maxi Dokuma Elbise TWOSS23EL02013,2024-02,2025-03,1.0,0.761468,-0.238532,0.238532
TRENDYOLMİLLA Antrasit  A Kesim Eteği Asimetrik Mini  Dokuma Elbise TWOAW24EL00496,2023-08,2025-02,0.428571,0.666667,0.238095,0.238095
TRENDYOLMİLLA Mavi Çiçek Desenli Kuşaklı Midi Dokuma Viskon Gömlek Elbise TWOSS20EL1559,2022-03,2024-09,0.962963,0.727273,-0.23569,0.23569
TRENDYOLMİLLA Zümrüt Yeşili A-Kesim Astarlı Volanlı Dokuma Şifon Kısa Şık Abiye Elbise TPRSS23EL00096,2023-08,2025-03,1.0,0.764706,-0.235294,0.235294
TRENDYOLMİLLA Beyaz Belden Açılan Kare Yaka Askılı Volanlı Mini Dokuma Elbise TWOSS23EL00601,2023-06,2024-08,0.86,0.625,-0.235,0.235
TRENDYOLMİLLA Çok Renkli Batik Desenli Düz Kesim Kolsuz Maxi Astarlı Saten Dokuma Elbise TWOSS23EL02238,2023-04,2025-03,0.962264,0.727273,-0.234991,0.234991
TRENDYOLMİLLA Indigo Düğme Detaylı Dokuma Mini Ceket Dokuma Elbise  TWOAW23EL00291,2022-10,2025-03,0.842105,0.611111,-0.230994,0.230994
TRENDYOLMİLLA Kahverengi Vücuda Oturan Yırtmaçlı Bisiklet Yaka Midi Fitilli Esnek Örme Elbise TWOAW21EL0135,2022-08,2025-01,1.0,0.769231,-0.230769,0.230769
TRENDYOLMİLLA Siyah Düğme Detaylı Mini Dokuma Ceket Elbise TWOSS20EL0407,2022-03,2025-01,0.923077,0.692308,-0.230769,0.230769
TRENDYOLMİLLA Siyah Vücuda Oturan Mini Dik Yaka Fitilli Esnek Örme Kalem Elbise TWOAW21EL2244,2022-03,2025-03,1.0,0.769231,-0.230769,0.230769
Trendyol Curve Mavi Kare Yaka Balon Kollu Dokuma Yırtmaçlı Astarlı Şifon Elbise TBBSS22AH0012,2022-05,2025-02,0.911111,0.684211,-0.226901,0.226901
TRENDYOLMİLLA Açık Mavi Cep Detaylı Oversize Mini Denim Gömlek Elbise TWOSS22EL3022,2022-04,2024-11,0.928571,0.702703,-0.225869,0.225869
TRENDYOLMİLLA Siyah A Kesim Mini Tüvit Dokuma Elbise TWOAW23EL00258,2022-10,2025-01,0.83871,0.612903,-0.225806,0.225806
TRENDYOLMİLLA Kahverengi Mini Triko Dantelli Elbise TWOAW22EL0011,2023-08,2025-03,1.0,0.775,-0.225,0.225
TRENDYOLMİLLA Çok Renkli Eteği Volanlı Düğme Detaylı Tüvit Dokuma Elbise TWOAW23EL00870,2022-09,2025-03,0.76,0.535714,-0.224286,0.224286
Trendyol Curve Siyah Vücuda Oturan Büzgü Detaylı Örme Elbise TBBAW23AH00185,2022-10,2025-02,0.714286,0.9375,0.223214,0.223214
TRENDYOLMİLLA Çok Renkli Çiçek Desenli A-Kesim Fırfır Detaylı Astarlı Şifon Maxi Dokuma Elbise TWOSS23EL02013,2023-06,2025-03,0.7,0.923077,0.223077,0.223077
TRENDYOLMİLLA Siyah Vücuda Oturan Midi Triko Hırka Elbise Takım TWOSS21EL0208,2022-06,2025-02,1.0,0.777778,-0.222222,0.222222
Trendyol Curve Çok Renkli A-line Çiçek Desenli V Yaka Örme Büyük Beden Elbise TBBSS22AH00010,2022-04,2025-03,1.0,0.777778,-0.222222,0.222222
TRENDYOLMİLLA Soyut Desenli Mini Dokuma Sırt Dekolteli Plaj Elbisesi TBESS23EL00061,2023-03,2025-02,1.0,0.777778,-0.222222,0.222222
TRENDYOLMİLLA Kırmızı Mini Triko Pileli Etek Detaylı Elbise TWOAW24EL00013,2023-08,2025-03,0.571429,0.793103,0.221675,0.221675
TRENDYOLMİLLA Fuşya Animal Desenli A Kesim Melek Kol Astarlı Şifon Midi Dokuma Elbise TWOSS23EL01372,2023-04,2025-03,0.918367,0.7,-0.218367,0.218367
TRENDYOLMİLLA Siyah Kare Yaka Eteği Fırfırlı Bele Oturan Mini Örme Elbise TWOAW24EL00525,2023-09,2025-03,0.931034,0.714286,-0.216749,0.216749
TRENDYOLMİLLA Yeşil Çiçekli A Kesim Yırtmaçlı Sırtı Gipe Detaylı Şifon Astarlı Midi Dokuma Elbise TWOSS24EL00699,2024-04,2025-02,0.7,0.916667,0.216667,0.216667
TRENDYOLMİLLA Mavi A-Kesim Dokuma Şık Abiye Elbise TPRSS24EL00160,2024-04,2025-03,0.727273,0.941176,0.213904,0.213904
TRENDYOLMİLLA Kırmızı Vücuda Oturan Bisiklet Yaka Mini Fitilli Esnek Örme Kalem Elbise TWOSS22EL2819,2023-03,2024-07,0.909091,0.695652,-0.213439,0.213439
TRENDYOLMİLLA Saks Vücuda Oturan Pencere/Cut Out Detaylı Örme Kısa Şık Abiye Elbise TPRAW24EL00063,2023-09,2025-02,0.952381,0.73913,-0.213251,0.213251
TRENDYOLMİLLA Siyah Kruvaze Yaka A-Line Krep Mini Smart Örme Elbise TWOSS23EL01703,2023-04,2025-03,0.8,0.588235,-0.211765,0.211765
TRENDYOLMİLLA Siyah Saçaklı Payet Şık Abiye Elbise TPRAW24EL00277,2023-10,2025-02,0.909091,0.7,-0.209091,0.209091
TRENDYOLMİLLA Plaj Giyim Etnik Desenli Mini Dokuma Cut Out/Pencere %100 Pamuklu Elbise TBESS23EL00140,2023-03,2024-09,0.75,0.541176,-0.208824,0.208824
TRENDYOLMİLLA Lacivert Mini Düğmeli Viskon Dokuma Elbise TWOAW23EL01310,2022-08,2025-03,0.875,0.666667,-0.208333,0.208333
TRENDYOLMİLLA Çok Renkli A Kesim Astarlı Pencere/Cut Out Detaylı Çiçek Desenli Maxi Dokuma Elbise TWOSS20EL1270,2022-03,2025-03,0.875,0.666667,-0.208333,0.208333
TRENDYOLMİLLA Kahverengi Midi Triko Polo Yaka Elbise TWOAW22EL1376,2022-03,2025-02,0.75,0.958333,0.208333,0.208333
TRENDYOLMİLLA Siyah Vücuda Oturan Örme Payet Kısa Şık Abiye Elbise TPRSS24EL00151,2024-03,2025-02,0.666667,0.875,0.208333,0.208333
TRENDYOLMİLLA Tarçın Düğme Detaylı Gabardin Mini Dokuma Gömlek Elbise TWOSS22EL2970,2023-04,2025-03,0.764706,0.56,-0.204706,0.204706
TRENDYOLMİLLA Siyah Büzgü Detaylı Vücuda Oturan Mini Kare Yaka Fitilli Esnek Örme Kalem Elbise TWOAW23EL01396,2022-09,2025-03,0.9375,0.733333,-0.204167,0.204167
TRENDYOLMİLLA Siyah Tek Omuzlu Drapeli Fitted/Vücuda Oturan Esnek Örme Midi Kalem Elbise TWOSS24EL00100,2024-05,2025-03,1.0,0.796178,-0.203822,0.203822
TRENDYOLMİLLA Siyah Maxi Dokuma Büzgülü Sırt Dekolteli Plaj Elbisesi TBESS23EL00063,2023-06,2024-11,0.902778,0.7,-0.202778,0.202778
TRENDYOLMİLLA Siyah Halter Yaka A Kesim Mini Dokuma Elbise TWOSS21EL1538,2022-04,2025-03,0.952381,0.75,-0.202381,0.202381
Trendyol Curve Siyah Büyük Beden Astarsız Truvakar Kol Mini Dokuma Ceket Elbise TBBAW23AH00042,2022-08,2025-03,0.8,1.0,0.2,0.2
TRENDYOLMİLLA Mavi Dikiş Detaylı Oversize Denim Elbise TWOAW22EL0072,2022-03,2025-03,1.0,0.8,-0.2,0.2
TRENDYOLMİLLA Kahverengi Düğme Detaylı Mini Dokuma Gömlek Elbise TWOAW23EL01424,2023-09,2025-02,0.926829,0.727273,-0.199557,0.199557
Trendyol Curve Siyah Kemer Detaylı Örme Şık Abiye Elbise TBBAW24EL00001,2023-08,2025-03,0.965517,0.766667,-0.198851,0.198851
TRENDYOLMİLLA Siyah Vücuda Oturan Yırtmaçlı Bisiklet Yaka Midi Fitilli Esnek Örme Kalem Elbise TWOAW21EL0135,2022-04,2025-03,0.928571,0.730159,-0.198413,0.198413
TRENDYOLMİLLA Saks Dokuma %100 Pamuk Şerit Aksesuarlı Mini Plaj Elbisesi TBESS22EL0703,2022-04,2024-09,0.844444,0.647059,-0.197386,0.197386
TRENDYOLMİLLA Siyah A Kesim Dik Yaka Eteği Büzgülü Mini Dokuma Elbise TWOAW21EL1816,2022-03,2025-02,0.965517,0.769231,-0.196286,0.196286
TRENDYOLMİLLA Siyah Kemerli Kruvaze Yaka Dokuma Elbise TWOAW20EL0909,2022-03,2024-12,0.804878,1.0,0.195122,0.195122
TRENDYOLMİLLA Siyah A Kesim Dik Yaka Astarlı Şifon Mini Dokuma Elbise TWOAW24EL00296,2023-09,2025-02,0.830508,0.636364,-0.194145,0.194145
TRENDYOLMİLLA Siyah Biye Detaylı 2 Katmanlı İçi Şortlu Tenis Örme Spor Elbise THMSS24EL00000,2024-02,2025-02,0.705882,0.9,0.194118,0.194118
TRENDYOLMİLLA Siyah Tüvit Dokuma Elbise TWOAW21EL0454,2022-03,2025-03,0.6,0.793103,0.193103,0.193103
TRENDYOLMİLLA Siyah Vücuda Oturan Parıltılı Simli Örme Kısa Şık Abiye Elbise TPRAW24EL00006,2023-09,2025-02,1.0,0.807692,-0.192308,0.192308
TRENDYOLMİLLA Fuşya Kuşaklı Mini Dokuma Ceket Dokuma Elbise TWOSS20EL0236,2022-04,2024-10,0.90625,0.714286,-0.191964,0.191964
Trendyol Curve Mavi Belden Açılan/Skater V Yaka Denim Elbise TBBSS23AH00078,2023-02,2025-03,0.916667,0.727273,-0.189394,0.189394
TRENDYOLMİLLA Bordo Vücuda Oturan Dik Yaka Midi Kalem Etek Dokuma Elbise TWOAW20EL0311,2022-03,2025-02,1.0,0.8125,-0.1875,0.1875
TRENDYOLMİLLA Siyah Geniş Kesim Mini Dokuma Elbise TWOSS20EL0400,2022-03,2024-11,0.846154,0.658824,-0.18733,0.18733
TRENDYOLMİLLA Beyaz Dokuma %100 Pamuk Şerit Aksesuarlı Mini Plaj Elbisesi TBESS21EL1253,2022-03,2025-03,1.0,0.818182,-0.181818,0.181818
Trendyol Curve Yeşil Dokuma Beli Lastik ve Düğme Detaylı Elbise TBBSS22EL1563,2023-01,2024-12,1.0,0.818182,-0.181818,0.181818
TRENDYOLMİLLA Lacivert Düz Kesim Cepli Gömlek Yaka Keten Görünümlü Mini Dokuma Elbise TWOSS22EL1068,2022-03,2024-08,1.0,0.818182,-0.181818,0.181818
TRENDYOLMİLLA Lacivert Kuşaklı A-Kesim Astarlı Piliseli Örme Kısa Şık Abiye Elbise TPRAW24EL00108,2023-08,2025-02,0.8,0.619048,-0.180952,0.180952
TRENDYOLMİLLA Siyah Fitted/Vücuda Oturan Büzgü ve Yırtmaç Detaylı Midi Pamuklu Esnek Örme Elbise TWOSS23EL00777,2023-05,2025-03,0.913793,0.736842,-0.176951,0.176951
Trendyol Curve Siyah Yırtmaçlı Midi Örme Elbise TBBAW24AH00095,2023-09,2025-03,0.909091,0.733333,-0.175758,0.175758
TRENDYOLMİLLA Açık Yeşil Asimetrik Pilise Detaylı Örme Saten Şık Abiye Elbise TPRSS23EL00557,2023-04,2025-03,0.631579,0.806452,0.174873,0.174873
TRENDYOLMİLLA Kahverengi Belden Açılan Üst Bedeni Gipeli Tek Omuz Midi Dokuma Elbise TWOSS23EL01830,2023-03,2025-03,1.0,0.826087,-0.173913,0.173913
TRENDYOLMİLLA Bridal Ekru Vücuda Oturan Dokulu Astarlı Dokuma Kısa Düğün/Nikah Şık Abiye Elbise TPRSS23EL00024,2023-04,2024-11,0.894737,0.722222,-0.172515,0.172515
TRENDYOLMİLLA Siyah A-Kesim Astarlı Dokuma Şifon Şık Mini Abiye Elbise TPRSS23EL00131,2022-12,2025-02,0.714286,0.882353,0.168067,0.168067
TRENDYOLMİLLA Mavi Dokuma %100 Pamuk Mini Plaj Elbisesi TBESS21EL3979,2022-07,2025-02,0.833333,0.666667,-0.166667,0.166667
TRENDYOLMİLLA Siyah Vücuda Oturan Asimetrik Yaka Omzu Açık Mini Fitilli Esnek Örme Kalem Elbise TWOAW23EL00118,2022-10,2025-03,1.0,0.836364,-0.163636,0.163636
TRENDYOLMİLLA Bordo A-Kesim Dokuma Şifon Kısa Şık Abiye Elbise TPRSS23EL00033,2023-03,2025-01,0.842105,0.678571,-0.163534,0.163534
TRENDYOLMİLLA Limited Edition Siyah Parlak Taşlı Tül Elbise TPRAW24EL00208,2023-10,2025-03,0.9,0.736842,-0.163158,0.163158
TRENDYOLMİLLA Antrasit Skater/Eteği Belden Açılan Bisiklet Yaka Mini Poliviskon Dokuma Elbise TWOAW25EL00244,2024-08,2025-03,0.83871,1.0,0.16129,0.16129
Trendyol Curve Lacivert Çiçek Desenli Dokuma Yırtmaç Detaylı Elbise TBBSS22EL1612,2022-05,2025-03,0.84,1.0,0.16,0.16
TRENDYOLMİLLA Mavi Çiçek Desenli A-Kesim Kat Kat Mini Astarlı Şifon Dokuma Elbise TWOSS23EL02056,2024-03,2025-03,0.777778,0.9375,0.159722,0.159722
TRENDYOLMİLLA Kırmızı A-Kesim Astarlı Korse Detaylı Dokuma Kısa Şık Abiye Elbise TPRSS23EL00251,2023-04,2025-03,0.666667,0.826087,0.15942,0.15942
TRENDYOLMİLLA Pembe Vücuda Oturan Midi Triko Hırka Elbise Takım TWOSS21EL0208,2022-03,2025-03,0.909091,0.75,-0.159091,0.159091
TRENDYOLMİLLA Zümrüt Yeşili Mini Triko Pileli Etek Detaylı Elbise TWOAW24EL00013,2023-08,2025-02,0.875,0.71875,-0.15625,0.15625
TRENDYOLMİLLA Lacivert Çiçek Desenli Kare Yaka A Kesim Viskon Midi Dokuma Elbise TWOSS20EL3331,2022-03,2025-02,0.75,0.904762,0.154762,0.154762
TRENDYOLMİLLA Siyah Kemerli A Kesim Piliseli Maxi Astarlı Şifon Dokuma Elbise TWOAW24EL00471,2023-09,2025-03,0.983333,0.830769,-0.152564,0.152564
TRENDYOLMİLLA Limited Edition Mavi Gül Detaylı Mini Denim Gömlek Elbise TWOAW25EL00396,2024-09,2025-03,0.795918,0.947368,0.15145,0.15145
TRENDYOLMİLLA Siyah A-Kesim Fiyonk Detaylı Dokuma Şık Abiye Elbise TPRSS24EL00105,2024-03,2024-11,0.85,1.0,0.15,0.15
TRENDYOLMİLLA Kahverengi V Yaka Jile Süet Mini Örme Elbise TWOAW24EL00543,2023-09,2025-02,0.794118,0.942857,0.148739,0.148739
TRENDYOLMİLLA Siyah Vücuda Oturan Parıltılı Örme Payet Şık Abiye Elbise TPRSS24EL00108,2024-05,2025-03,1.0,0.852941,-0.147059,0.147059
TRENDYOLMİLLA Bej Mini Triko Dantelli Elbise TWOAW22EL0011,2022-04,2025-03,1.0,0.857143,-0.142857,0.142857
Trendyol Curve Camel Maxi/Uzun Boy Yırtmaçlı Yazlık Leopar Desenli Dokuma Elbise TBBSS24AH00136,2024-03,2025-03,0.857143,1.0,0.142857,0.142857
TRENDYOLMİLLA Siyah Vücuda Oturan Maxi Örme Cut Out/Pencere Plaj Elbisesi TBESS23EL00122,2023-04,2025-02,1.0,0.857143,-0.142857,0.142857
Trendyol Curve Siyah Yırtmaç Detaylı Midi %100 Pamuk Örme Büyük Beden Elbise TBBSS24AH00003,2024-02,2025-03,0.857143,1.0,0.142857,0.142857
TRENDYOLMİLLA Zümrüt A Kesim Yeşili Eteği Volanlı Saten Dokuma Elbise TWOAW21EL1891,2023-09,2025-02,0.911765,0.769231,-0.142534,0.142534
TRENDYOLMİLLA Mor Düz Kesim Kolsuz Bisiklet Yaka Mini Dokuma Elbise TWOSS19FG0063,2022-03,2025-02,0.757576,0.9,0.142424,0.142424
TRENDYOLMİLLA Lacivert Midi Triko Kemer Detaylı Elbise TWOAW22EL0009,2022-04,2025-02,0.777778,0.92,0.142222,0.142222
Trendyol Curve Koyu Mavi Comfort Denim Büyük Beden Elbise TBBSS24AH00206,2024-05,2025-03,0.947368,0.805556,-0.141813,0.141813
TRENDYOLMİLLA Pembe Çiçek Desenli Kuşaklı A Kesim Halter Yaka Kolsuz Midi Astarlı Dokuma Elbise TWOSS20EL2536,2022-03,2024-09,0.8,0.941176,0.141176,0.141176
TRENDYOLMİLLA Kahverengi Dik Yaka Fitted/Vücuda Oturan Maxi Esnek Örme Kalem Elbise TWOAW24EL00614,2023-09,2025-03,0.902439,0.764706,-0.137733,0.137733
TRENDYOLMİLLA Haki A-Kesim Mini Pamuklu Pencere/Cut Out Detaylı Detaylı Kare Yaka Dokuma Elbise TWOSS23EL00596,2023-04,2024-10,0.954545,0.818182,-0.136364,0.136364
TRENDYOLMİLLA Kırmızı Kare Yaka Mini Dokuma Elbise TWOAW23EL00894,2022-09,2025-01,0.863636,0.727273,-0.136364,0.136364
TRENDYOLMİLLA Saks Vücuda Oturan Dokuma Elbise TPRSS24EL00136,2024-05,2025-03,0.714286,0.85,0.135714,0.135714
Trendyol Curve Fuşya V Yaka Volanlı Örme Büyük Beden Elbise TBBSS23AH00030,2023-04,2025-03,0.904762,0.769231,-0.135531,0.135531
Trendyol Curve Siyah A-Line Dokuma Cep Detaylı Elbise TBBSS22EL1598,2022-03,2025-03,0.794118,0.928571,0.134454,0.134454
TRENDYOLMİLLA Mavi Kuşaklı Çizgili Mini Dokuma Gömlek Elbise TWOAW25EL00154,2024-07,2025-03,0.685714,0.818182,0.132468,0.132468
Trendyol Curve Çok Renkli Çiçek Desenli Şifon Kruvaze Dokuma Elbise TBBSS24AH00154,2024-04,2025-03,0.983607,0.851852,-0.131755,0.131755
TRENDYOLMİLLA Siyah Ekose / Kareli V Yaka Mini Dokuma Jile Elbise TWOAW21EL0319,2022-03,2025-03,0.62963,0.5,-0.12963,0.12963
TRENDYOLMİLLA Siyah Vücuda Oturan Vatkalı Düğme Detaylı Mini Dokuma Elbise TWOAW24EL00483,2023-09,2025-02,0.914894,0.785714,-0.129179,0.129179
Trendyol Curve Indigo Kuşaklı Dokuma Elbise TBBSS22EL1670,2022-03,2025-02,0.780488,0.909091,0.128603,0.128603
TRENDYOLMİLLA Siyah Çiçekli Şifon Astarlı Dokuma Kışlık Elbise TWOAW23EL01436,2023-09,2025-01,0.928571,0.8,-0.128571,0.128571
TRENDYOLMİLLA Siyah Puantiyeli Vücuda Oturan Astarlı Drapeli Örme Tül Kısa Şık Abiye Elbise TPRAW24EL00028,2023-08,2025-03,0.714286,0.842105,0.12782,0.12782
TRENDYOLMİLLA Antrasit Maxi Triko V Yaka Jile Elbise TWOAW24EL00011,2023-08,2025-03,0.807692,0.935484,0.127792,0.127792
TRENDYOLMİLLA Siyah Scuba/Dalgıç 2 Katmanlı İçi Şortlu Tenis Örme Spor Elbise THMSS23EL00006,2023-03,2025-02,0.777778,0.65,-0.127778,0.127778
Trendyol Curve Siyah Finike Dokuma Büyük Beden Elbise,2024-02,2025-03,1.0,0.873418,-0.126582,0.126582
TRENDYOLMİLLA Siyah Parıltılı Örme Şık Abiye Elbise TPRSS24EL00037,2024-03,2025-03,0.875,1.0,0.125,0.125
TRENDYOLMİLLA Siyah Vücuda Oturan Drapeli Örme Kısa Elbise TPRSS24EL00162,2024-03,2025-02,0.6875,0.8125,0.125,0.125
TRENDYOLMİLLA Zümrüt Yeşili Midi Triko Bisiklet Yaka Elbise TWOAW21EL0422,2023-08,2025-03,1.0,0.875,-0.125,0.125
TRENDYOLMİLLA Siyah Dik Yaka Dokuma Elbise TCLAW19LJ0076,2022-03,2025-01,0.875,1.0,0.125,0.125
TRENDYOLMİLLA Siyah Vücuda Oturan Otrişli Parlak Taşlı Dokuma Kısa Şık Abiye Elbise TPRSS23EL00255,2023-05,2025-03,0.831325,0.707317,-0.124008,0.124008
TRENDYOLMİLLA Kırmızı Çiçekli Viskon Maxi Dokuma Elbise TWOSS24EL00613,2024-03,2025-02,0.941176,0.818182,-0.122995,0.122995
TRENDYOLMİLLA Bridal Ekru Vücuda Oturan Astarlı Dokuma Düğün/Nikah Şık Abiye Elbise TPRSS23EL00541,2023-04,2025-03,0.818182,0.941176,0.122995,0.122995
TRENDYOLMİLLA Beyaz Belden Açılan Midi Astarlı Brode Dokuma Elbise TWOSS23EL00156,2023-04,2024-11,0.794118,0.916667,0.122549,0.122549
TRENDYOLMİLLA Siyah Astarlı Dokuma Saten Şık Abiye Elbise TPRSS19BB0058,2022-04,2025-03,0.721311,0.842105,0.120794,0.120794
TRENDYOLMİLLA Siyah Baskılı Fitted/Vücuda Oturan Tek Omuz Asimetrik Büzgü Detaylı Örme Kalem Elbise TWOSS23EL02182,2023-06,2024-11,0.983333,0.862745,-0.120588,0.120588
TRENDYOLMİLLA Çok Renkli A-Kesim Gül Detaylı Dokuma Elbise TPRSS24EL00098,2024-04,2024-12,0.62963,0.75,0.12037,0.12037
TRENDYOLMİLLA Siyah Drapeli V Yaka Fitted/Vücuda Oturan Esnek Midi Örme Kalem Elbise TWOAW24EL00197,2023-08,2025-01,0.92,0.8,-0.12,0.12
TRENDYOLMİLLA Pembe Çiçek Desenli Belden Açılan Mini Dokuma Elbise TWOSS23EL02008,2023-04,2024-10,0.814815,0.933333,0.118519,0.118519
TRENDYOLMİLLA Antrasit Mini Triko A-Line Formda Elbise TWOAW25EL00030,2024-09,2025-03,0.873016,0.754717,-0.118299,0.118299
TRENDYOLMİLLA Siyah Kuşaklı Mini Dokuma Ceket Dokuma Elbise TWOSS20EL0236,2022-03,2024-12,0.886364,0.769231,-0.117133,0.117133
TRENDYOLMİLLA Siyah Asimetrik Yaka Bodycone/Vücuda Oturan Mini Örme Elbise TWOAW25EL00595,2024-10,2025-03,0.916667,0.8,-0.116667,0.116667
Trendyol Curve Antrasit Belden Açılan/Skater V Yaka Denim Elbise TBBSS23AH00078,2023-03,2024-12,0.866667,0.75,-0.116667,0.116667
TRENDYOLMİLLA Turuncu Vücuda Oturan Cut Out/Pencere Detaylı Örme Kısa Şık Elbise TPRSS23EL00154,2023-03,2025-03,0.928571,0.8125,-0.116071,0.116071
TRENDYOLMİLLA Pudra Çiçek Desenli Kruvaze Fırfır Detaylı Askılı Midi Şifon Astarlı Dokuma Elbise TWOSS19EL0375,2022-05,2024-08,0.865979,0.75,-0.115979,0.115979
TRENDYOLMİLLA Yeşil Vücudu Saran Kuşgözü Detaylı Yırtmaçlı Kare Yaka Midi Kalem Etek Dokuma Elbise TWOSS19EL0079,2022-03,2025-01,0.884615,1.0,0.115385,0.115385
TRENDYOLMİLLA Siyah Fitilli Kare Yaka Vücuda Oturan Uzun Kol Yırtmaçlı Midi Elbise TWOAW22EL0871,2022-04,2025-03,0.933333,0.818182,-0.115152,0.115152
Trendyol Curve Siyah Polo Yaka Fitilli Triko Elbise TBBAW23AH00002,2022-10,2025-03,0.972222,0.857143,-0.115079,0.115079
TRENDYOLMİLLA Siyah Düz Kesim Kolsuz Bisiklet Yaka Mini Dokuma Elbise TWOSS19FG0063,2022-03,2024-10,0.833333,0.71875,-0.114583,0.114583
TRENDYOLMİLLA Yağ Yeşil Vücuda Oturan Astarlı Korse Detaylı Örme Kısa Abiye Gece Elbise TPRSS23EL00174,2023-03,2025-03,0.923077,0.809524,-0.113553,0.113553
TRENDYOLMİLLA Siyah A Kesim Ceket Yaka Mini Dokuma Elbise TWOAW23EL00384,2022-08,2025-03,0.875,0.761905,-0.113095,0.113095
Trendyol Curve Mint Kemerli Dokuma Gömlek Elbise TBBSS23AH00277,2023-07,2025-02,0.8125,0.7,-0.1125,0.1125
TRENDYOLMİLLA Ekru Mini Dokuma Ekose Desenli Jile Elbise TWOAW20EL0208,2022-03,2025-03,1.0,0.888889,-0.111111,0.111111
TRENDYOLMİLLA Siyah V Yaka Dokuma Elbise TWOAW22EL0682,2022-03,2024-10,0.888889,1.0,0.111111,0.111111
TRENDYOLMİLLA Çok Renkli Çiçekli Dik Yaka Vatkalı Bodycone/Vücuda Oturan Örme Maxi Kalem Elbise TWOSS24EL00841,2024-03,2024-12,0.8125,0.923077,0.110577,0.110577
TRENDYOLMİLLA Zümrüt Yeşili Vücuda Oturan Kolsuz Drape Detaylı Kemerli Midi Esnek Örme Kalem Elbise TWOSS22EL0756,2023-01,2025-03,0.933333,0.823529,-0.109804,0.109804
TRENDYOLMİLLA Kırmızı Ayarlanabilir Askılı Kare Yaka A-Line Bürümcük/Dokulu Örme Maxi Elbise TWOSS24EL00060,2024-05,2025-02,0.807692,0.916667,0.108974,0.108974
Trendyol Curve Siyah Kemerli Dokuma Kruvaze Yaka Elbise TBBSS23AH00206,2023-04,2025-03,0.703704,0.8125,0.108796,0.108796
TRENDYOLMİLLA Beyaz Düz Dokulu A Kesim/Çan Form Bisiklet Yaka Dokulu Maxi Elbise TWOSS24EL00683,2024-03,2025-01,0.733333,0.83871,0.105376,0.105376
TRENDYOLMİLLA Siyah Düz Esnek Örme Elbise TWOSS24EL00412,2024-03,2024-12,1.0,0.894737,-0.105263,0.105263
TRENDYOLMİLLA Siyah V Yaka Düğme Detaylı Dokuma Midi Gömlek Elbise TWOSS23EL02158,2023-04,2025-03,0.894737,1.0,0.105263,0.105263
TRENDYOLMİLLA Çok Renkli Çiçekli Eteği Volanlı Skater/Belden Açılan Şifon Mini Astarlı Dokuma Elbise TWOSS22EL2772,2022-05,2025-01,0.911765,0.807692,-0.104072,0.104072
TRENDYOLMİLLA Mavi Cep Detaylı Mini Denim Gömlek Elbise TWOAW23EL00643,2022-09,2025-03,1.0,0.896552,-0.103448,0.103448
TRENDYOLMİLLA Mor Askılı Fitted/Vücuda Oturan Kare Yaka Tül Midi Esnek Örme Kalem Elbise TWOSS22EL00726,2022-04,2025-03,0.866667,0.969697,0.10303,0.10303
TRENDYOLMİLLA Pembe Düz Bodycone Straplez Detaylı Finike Mini Dokuma Gömlek Elbise TWOSS24EL00751,2024-03,2025-03,0.794872,0.692308,-0.102564,0.102564
TRENDYOLMİLLA Siyah Vücuda Oturan Kemerli Cep Detaylı Mini Elbise TWOSS23EL02037,2023-04,2024-11,0.831461,0.933333,0.101873,0.101873
TRENDYOLMİLLA Bordo Dik Yaka Dokuma Elbise TCLAW19LJ0076,2022-09,2025-02,0.869565,0.769231,-0.100334,0.100334
TRENDYOLMİLLA Siyah Kruvaze Pilise Detaylı Mini Dokuma Elbise TWOSS24EL00793,2024-05,2025-02,0.8,0.7,-0.1,0.1
TRENDYOLMİLLA Siyah Maxi Dokuma Sırt Dekolteli Keten Karışımlı Plaj Elbisesi TBESS24EL00096,2024-05,2025-03,1.0,0.9,-0.1,0.1
TRENDYOLMİLLA Kahverengi Askılı Dokuma Elbise TWOAW20EL0208,2022-03,2025-02,0.8,0.7,-0.1,0.1
TRENDYOLMİLLA Siyah Jile Skater/Belden Açılan Örme Elbise TWOAW24EL00245,2023-08,2025-03,0.782609,0.882353,0.099744,0.099744
Trendyol Curve Kırmızı Puantiye Desenli Dokuma Elbise TBBSS22EL1712,2022-04,2025-02,0.888889,0.789474,-0.099415,0.099415
Trendyol Curve Siyah Puantiyeli Dokuma Gömlek Elbise TBBSS23AH00107,2023-03,2025-03,0.965517,0.866667,-0.098851,0.098851
TRENDYOLMİLLA Ekru Çiçek Desenli A-Kesim Fırfır Detaylı Astarlı Şifon Maxi Dokuma Elbise TWOSS23EL02013,2023-04,2025-03,0.911111,0.8125,-0.098611,0.098611
TRENDYOLMİLLA Siyah Bağlama Detaylı Bisiklet Yaka Triko Görünümlü Mini Örme Elbise TWOSS22EL0751,2022-03,2024-09,0.95,0.851852,-0.098148,0.098148
TRENDYOLMİLLA Ekru Maxi Dokuma Sırt Dekolteli Keten Karışımlı Plaj Elbisesi TBESS24EL00096,2024-05,2025-03,0.902439,1.0,0.097561,0.097561
TRENDYOLMİLLA Gri Vücuda Oturan Astarlı Parıltılı Örme Payet Kısa Şık Abiye Elbise TPRSS22EL2889,2022-12,2024-12,0.769231,0.866667,0.097436,0.097436
TRENDYOLMİLLA Siyah Kemerli A Kesim Astarlı Midi Dokuma Elbise TWOSS20EL0983,2022-04,2025-03,0.875,0.777778,-0.097222,0.097222
TRENDYOLMİLLA Siyah Piliseli Mini Dokuma Ceket Elbise TWOAW24EL00295,2023-09,2025-03,0.741935,0.645161,-0.096774,0.096774
Trendyol Curve Çok Renkli Çiçek Desenli Dokuma Fırfır Detaylı Elbise TBBSS22EL1600,2022-05,2024-11,0.896552,0.8,-0.096552,0.096552
TRENDYOLMİLLA Bridal Ekru A-Kesim Astarlı Korse Detaylı Biyeli Dokuma Kısa Abiye Gece Elbise TPRSS23EL00251,2023-04,2025-03,0.722222,0.818182,0.09596,0.09596
TRENDYOLMİLLA Siyah Vücuda Oturan Degaje Yaka Midi Askılı Esnek Örme Midi Kalem Elbise TWOSS19AD0020,2022-03,2025-02,0.904762,1.0,0.095238,0.095238
TRENDYOLMİLLA Kırmızı Vücuda Oturan Çiçekli Örme Kısa Şık Abiye Elbise TPRSS24EL00112,2024-03,2025-01,1.0,0.904762,-0.095238,0.095238
TRENDYOLMİLLA Fuşya Vücuda Oturan Drapeli Dokuma Kısa Şık Abiye Elbise TPRAW24EL00083,2023-09,2025-03,0.809524,0.714286,-0.095238,0.095238
TRENDYOLMİLLA Ekru Çiçek Desenli A Kesim Kat Kat Mini Astarlı Şifon Dokuma Elbise TWOSS23EL02056,2024-04,2025-03,0.857143,0.952381,0.095238,0.095238
TRENDYOLMİLLA Çok Renkli Boyundan Bağlamalı Dokuma Kışlık Elbise TWOAW21EL1448,2022-03,2025-03,1.0,0.90625,-0.09375,0.09375
TRENDYOLMİLLA Çok Renkli Desenli A-Kesim Askılı Midi Astarlı Dokuma Elbise TWOSS23EL00989,2023-04,2025-03,0.857143,0.764706,-0.092437,0.092437
Edit by Trendyol Siyah Vücuda Oturan Asimetrik Yaka Örme Kısa Elbise TEDAW25EL00006,2024-08,2025-03,0.692308,0.6,-0.092308,0.092308
TRENDYOLMİLLA Mavi Kuşaklı A Kesim Çizgili Mini Dokuma Elbise TWOSS21EL1290,2022-04,2024-07,0.955556,0.863636,-0.091919,0.091919
TRENDYOLMİLLA Siyah Kuşaklı A-Kesim Astarlı Piliseli Örme Kısa Şık Abiye Elbise TPRAW24EL00108,2023-09,2025-02,0.851852,0.76,-0.091852,0.091852
TRENDYOLMİLLA Pembe Çiçek Desenli Belden Açılan Mini Astarlı Şifon Dokuma Elbise TWOSS23EL01445,2023-04,2024-11,0.909091,1.0,0.090909,0.090909
TRENDYOLMİLLA Siyah Kuşaklı Mini Dokuma Gömlek Elbise TWOAW25EL00154,2024-08,2025-03,0.619048,0.709677,0.09063,0.09063
TRENDYOLMİLLA Lacivert Düğme Detaylı Gabardin Mini Dokuma Gömlek Elbise TWOSS22EL2970,2022-07,2024-09,0.9,0.809524,-0.090476,0.090476
TRENDYOLMİLLA Siyah Vücuda Oturan Dik Yaka Midi Kalem Etek Dokuma Elbise TWOAW20EL0311,2022-04,2025-03,0.956522,0.866667,-0.089855,0.089855
Trendyol Curve Siyah Dokuma Kolları Volanlı Elbise TBBSS22EL1626,2022-04,2025-03,0.910714,1.0,0.089286,0.089286
TRENDYOLMİLLA Siyah Düz Dokulu Fitted/Vücuda Oturan Maxi Örme Elbise TWOAW25EL00097,2024-09,2025-02,0.973684,0.884615,-0.089069,0.089069
Trendyol Curve Siyah Puantiyeli Kuşaklı Dokuma Elbise TBBSS22EL1596,2022-03,2025-02,0.970588,0.882353,-0.088235,0.088235
TRENDYOLMİLLA Siyah %100 Pamuk Bele Oturan Yırtmaç ve Bağlama Detaylı Midi Örme Kalem Elbise TWOSS21EL0404,2022-03,2024-12,0.95,0.862069,-0.087931,0.087931
TRENDYOLMİLLA Beyaz Astarlı Pencere/Cut Out Detaylı Puantiyeli Örme Tül Kısa Abiye Gece Elbise TPRSS19FZ0120,2022-03,2025-02,0.944444,0.857143,-0.087302,0.087302
TRENDYOLMİLLA Lacivert Shift/Düz Havuz Yaka Midi Triko Görünümlü Esnek Örme Elbise TWOSS22EL2964,2022-04,2025-03,0.911765,0.825,-0.086765,0.086765
TRENDYOLMİLLA Beyaz Düz Bodycone Krep Mini Dokuma Elbise TWOSS24EL00874,2024-04,2025-03,0.813559,0.9,0.086441,0.086441
Trendyol Curve Siyah Yumoş Hırka-Elbise Örme 2'li Takım Büyük Beden Elbise TBBAW23AH00004,2022-10,2025-03,0.886364,0.8,-0.086364,0.086364
TRENDYOLMİLLA Gül Kurusu A-Kesim Astarlı Volanlı Dokuma Şifon Kısa Şık Abiye Elbise TPRSS23EL00096,2024-02,2025-03,0.822581,0.736842,-0.085739,0.085739
TRENDYOLMİLLA Siyah Vücuda Oturan Düğme Detaylı Yırtmaçlı Midi Kalem Etek Dokuma Elbise TWOSS23EL02256,2023-04,2025-03,0.942857,0.857143,-0.085714,0.085714
Trendyol Curve Siyah Düz Kesim Bağlama Detaylı Yırtmaçlı Maxi/Uzun %100 Pamuk Örme Büyük Beden Elbise TBBSS22EL1640,2022-03,2024-06,0.909091,0.823529,-0.085561,0.085561
TRENDYOLMİLLA Yağ Yeşil Vücuda Oturan Gül Detaylı Örme Kısa Şık Abiye Elbise TPRSS24EL00095,2024-03,2025-01,0.611111,0.695652,0.084541,0.084541
TRENDYOLMİLLA Siyah Fitted Vücuda Oturan Kayık Yaka Sıfır Kol Esnek Örme Örme Midi Kalem Elbise TWOSS24EL00662,2024-03,2025-02,0.956522,0.872093,-0.084429,0.084429
TRENDYOLMİLLA Bridal Beyaz Vücuda Oturan Çiçekli Örme Kısa Düğün/Nikah Şık Abiye Elbise TPRSS24EL00112,2024-03,2025-03,0.896552,0.8125,-0.084052,0.084052
TRENDYOLMİLLA Kırmızı Vücuda Oturan Korse Detaylı Dokuma Şık Abiye Elbise TPRSS22EL00097,2022-10,2025-01,0.857143,0.941176,0.084034,0.084034
TRENDYOLMİLLA Haki Bağlama Detaylı Dokuma Elbise TWOAW20EL1156,2022-03,2025-03,0.925926,0.842105,-0.083821,0.083821
TRENDYOLMİLLA Lacivert Mini Triko Gömlek Garni Detaylı Elbise TWOAW22SV0122,2022-03,2025-01,1.0,0.916667,-0.083333,0.083333
TRENDYOLMİLLA Turuncu Etnik Desenli Belden Açılan Şifon Astarlı Mini Dokuma Elbise TWOSS23EL00519,2023-01,2025-03,1.0,0.916667,-0.083333,0.083333
TRENDYOLMİLLA Siyah A-Kesim Astarlı Dokuma Şifon Kısa Abiye Gece Elbise TPRSS23EL00033,2023-03,2025-03,0.916667,1.0,0.083333,0.083333
TRENDYOLMİLLA Saks Vücuda Oturan Astarlı Parıltılı Örme Kısa Şık Abiye Elbise TPRSS21EL2596,2022-03,2025-03,0.833333,0.916667,0.083333,0.083333
Trendyol Curve Siyah Kruvaze Bağlamalı Triko Elbise TBBAW23AH00014,2022-09,2025-03,0.75,0.833333,0.083333,0.083333
TRENDYOLMİLLA Siyah Kruvaze Yaka Cut Out/Pencere Detaylı Örme Şık Abiye Elbise TPRAW23EL00272,2022-09,2025-01,0.95,0.868421,-0.081579,0.081579
Trendyol Curve Siyah Kuşaklı A-line Örme Elbise TBBSS22AH0176,2022-03,2025-02,0.846154,0.764706,-0.081448,0.081448
TRENDYOLMİLLA Pembe Kemer Detaylı Triko Midi Elbise TWOSS22EL1031,2022-04,2025-03,0.97619,0.895349,-0.080842,0.080842
TRENDYOLMİLLA X Zeynep Tosun Saks Güneş Aksesuar Detaylı Cut Out Elbise TCLSS23EL00025,2023-05,2024-10,0.92,1.0,0.08,0.08
TRENDYOLMİLLA Kahverengi Vücuda Oturan Degaje Yaka Midi Esnek Örme Kalem Elbise TWOSS19AD0020,2022-04,2025-03,0.897959,0.818182,-0.079777,0.079777
TRENDYOLMİLLA Siyah Fitted/Vücuda Oturan Büzgü Detaylı Midi Esnek Örme Kalem Elbise TWOSS23EL00751,2023-03,2025-03,0.964286,0.884615,-0.07967,0.07967
TRENDYOLMİLLA Zümrüt Yeşili Çiçek Baskılı Mini Selanik Dik Yaka Örme Elbise TWOAW25EL00282,2024-11,2025-03,0.921053,1.0,0.078947,0.078947
TRENDYOLMİLLA Koyu Gri Volanlı Kare Yaka Fitted/Vücuda Oturan Maxi Esnek Örme Elbise TWOAW24EL00613,2023-09,2025-02,0.878788,0.8,-0.078788,0.078788
TRENDYOLMİLLA Turuncu Çiçek Desenli Düz Kesim Halter Yaka Midi Saten Astarlı Dokuma Elbise TWOSS23EL02417,2023-05,2024-07,0.828571,0.75,-0.078571,0.078571
TRENDYOLMİLLA Yeşil Çiçekli Baskılı Parlak Yüzeyli Kayık Kaya Vücuda Oturan Esnek Örme Kalem Elbise TWOSS24EL00528,2024-03,2025-03,0.79661,0.875,0.07839,0.07839
Trendyol Curve Siyah Düz Kruvaze Dokuma Elbise TBBSS23AH00254,2023-05,2024-12,0.924528,0.846154,-0.078374,0.078374
Trendyol Curve Siyah Çizgi Detaylı Triko Elbise TBBAW24AH00019,2023-09,2025-02,0.914286,0.837209,-0.077076,0.077076
Trendyol Curve Floral Desenli Kemerli Mini Dokuma Elbise TBBSS22EL00039,2022-04,2025-03,0.923077,0.846154,-0.076923,0.076923
TRENDYOLMİLLA Siyah Yumuşak Kumaşlı Fitted/Vücuda Oturan Kısa Kollu Esnek Örme Mini Kalem Elbise TWOSS24EL00756,2024-03,2025-03,0.923077,1.0,0.076923,0.076923
TRENDYOLMİLLA Taş Maxi Triko Saç Örgülü Geniş Kalıp Elbise TWOAW25EL00078,2024-08,2025-03,0.777778,0.854545,0.076768,0.076768
TRENDYOLMİLLA Fuşya Belden Açılan Pileli Midi Dokuma Elbise TWOSS20EL0980,2022-03,2024-11,0.933333,0.857143,-0.07619,0.07619
TRENDYOLMİLLA X Zeynep Tosun Ekru Volanlı Parlak Taşlı Bridal Elbise TCLSS23EL00014,2023-05,2025-01,0.833333,0.909091,0.075758,0.075758
TRENDYOLMİLLA Ekru Tüvit Dokuma Elbise TWOAW23EL00701,2022-11,2025-03,0.763158,0.6875,-0.075658,0.075658
TRENDYOLMİLLA Sarı Çiçek Desenli A-Kesim Kat Kat Mini Astarlı Şifon Dokuma Elbise TWOSS23EL02056,2023-05,2024-11,0.943662,0.868421,-0.075241,0.075241
Trendyol Curve Mor Kare Yaka Balon Kollu Dokuma Yırtmaçlı Astarlı Şifon Elbise TBBSS22AH0012,2023-02,2025-03,0.916667,0.842105,-0.074561,0.074561
TRENDYOLMİLLA Siyah Fitilli Derin Yırtmaç Detaylı Fitted/Vücuda Oturan Midi Esnek Örme Elbise TWOAW24EL00174,2023-08,2025-03,0.9375,0.863636,-0.073864,0.073864
TRENDYOLMİLLA Siyah Ayarlanabilir Askılı A-Line Bürümcük/Dokulu Örme Maxi Elbise TWOSS24EL00060,2024-05,2025-01,0.869565,0.943396,0.073831,0.073831
TRENDYOLMİLLA Siyah Kemerli Midi Dokuma Gömlek Elbise TWOAW21EL1428,2022-03,2024-12,0.85,0.923077,0.073077,0.073077
TRENDYOLMİLLA Lacivert Kemerli A Kesim Piliseli Maxi Astarlı Şifon Dokuma Elbise TWOAW24EL00471,2024-03,2025-03,0.727273,0.8,0.072727,0.072727
Trendyol Curve Mavi A-line Kruvaze Yaka Çiçek Desenli Yazlık Örme Elbise TBBSS22AH00000,2022-04,2024-12,0.966667,0.894737,-0.07193,0.07193
TRENDYOLMİLLA Siyah Kısa Kol Fitted/Vücuda Oturan Pamuklu Esnek Midi Örme Kalem Elbise TWOSS23EL00313,2023-04,2024-10,0.954128,0.882353,-0.071775,0.071775
TRENDYOLMİLLA Ekru Kruvaze Mini Dokuma Elbise TWOSS23EL00113,2023-01,2025-03,1.0,0.928571,-0.071429,0.071429
TRENDYOLMİLLA Kahverengi Zebra Desenli Skater/Belden Açılan Kruvaze Yaka Mini Esnek Örme Elbise TWOAW22EL0104,2022-09,2025-03,1.0,0.928571,-0.071429,0.071429
TRENDYOLMİLLA Ekru Vücuda Oturan Dik Yaka Midi Kalem Etek Dokuma Elbise TWOAW20EL0311,2022-04,2024-09,0.921053,0.85,-0.071053,0.071053
TRENDYOLMİLLA Siyah itted/Vücuda Oturan Yırtmaçlı Kare Yaka Esnek Örme Midi Kalem Elbise TWOSS24EL00679,2024-03,2025-02,0.888889,0.818182,-0.070707,0.070707
TRENDYOLMİLLA Bridal Beyaz Kol Detaylı Dokuma Düğün/Nikah Şık Abiye Elbise TPRSS24EL00119,2024-03,2025-03,0.777778,0.848485,0.070707,0.070707
TRENDYOLMİLLA Siyah Vücuda Oturan Astarlı Parıltılı Pullu Örme Payet Şık Abiye Elbise TPRAW24EL00233,2023-09,2025-02,0.846154,0.916667,0.070513,0.070513
TRENDYOLMİLLA Kahverengi Bağlama Detaylı Dokuma Elbise TWOAW20EL1156,2022-03,2025-02,0.902778,0.833333,-0.069444,0.069444
TRENDYOLMİLLA Kahverengi Baskılı Büzgü / Drape Maxi  Örme Elbise TWOAW25EL00408,2024-09,2025-03,0.964912,0.896552,-0.068361,0.068361
TRENDYOLMİLLA Kahverengi Çok Renkli Hayvan Desenli Leopar Örme Tül Şık Abiye Elbise TPRSS24EL00202,2024-06,2025-03,0.970588,0.902439,-0.068149,0.068149
TRENDYOLMİLLA Kahverengi Pencere/Cut Out Detaylı Örme Tül Elbise TPRSS24EL00022,2024-04,2025-03,0.842105,0.909091,0.066986,0.066986
TRENDYOLMİLLA Siyah Baskılı Ayarlanabilir Askılı A-Line Bürümcük/Dokulu Örme Maxi Elbise TWOSS24EL00060,2024-03,2025-03,0.933333,1.0,0.066667,0.066667
TRENDYOLMİLLA Taş Midi Triko Kemer Detaylı Elbise TWOAW22EL0009,2022-05,2025-02,1.0,0.933333,-0.066667,0.066667
TRENDYOLMİLLA Siyah Astarlı Volanlı Dokuma Şık Abiye Elbise TPRAW19BB0144,2022-03,2025-03,1.0,0.933333,-0.066667,0.066667
TRENDYOLMİLLA Mavi Denim Elbise,2022-03,2025-03,0.9,0.833333,-0.066667,0.066667
TRENDYOLMİLLA Yeşil Şal Desenli Volanlı Dokuma Kışlık Elbise TWOAW23EL01436,2022-10,2025-02,1.0,0.933333,-0.066667,0.066667
Trendyol Curve Siyah Büyük Beden Kare Yaka Yırtmaçlı A-Kesim/Çan Midi Dokuma Şifon Elbise TBBAW23AH00107,2022-08,2025-02,0.857143,0.923077,0.065934,0.065934
TRENDYOLMİLLA Zümrüt Yeşili Vücuda Oturan Örme Parıltılı Pul Payet Şık Abiye Elbise TPRSS24EL00030,2024-07,2025-02,0.975,0.909091,-0.065909,0.065909
TRENDYOLMİLLA Lacivert Belden Açılan Volanlı Dik Yaka Astarlı Midi Dokuma Kışlık Elbise TWOAW21EL0354,2022-03,2025-03,0.94,0.875,-0.065,0.065
Trendyol Curve Fuşya Kruvaze Yaka Askılı Örme Elbise TBBSS22EL1565,2022-04,2024-11,0.935484,1.0,0.064516,0.064516
TRENDYOLMİLLA Yeşil Mini Balon Kollu V Yaka Süet Dokuma Elbise TWOAW24EL00583,2023-09,2025-03,0.791667,0.727273,-0.064394,0.064394
Trendyol Curve Siyah Dokuma Carmen Yaka Bel Detaylı Elbise TBBSS23AH00090,2023-03,2025-03,0.875,0.939394,0.064394,0.064394
TRENDYOLMİLLA Indigo Belden Açılan Midi Korse Dikiş Detaylı Dokuma Elbise TWOSS24EL00038,2024-05,2025-03,0.685714,0.75,0.064286,0.064286
TRENDYOLMİLLA Koyu Mavi Fermuarlı Fitted/Vücuda Oturan Mini Denim Elbise TWOSS24EL00381,2024-03,2025-03,0.882353,0.818182,-0.064171,0.064171
TRENDYOLMİLLA Siyah Vatkalı Drapeli Fitted/Vücuda Oturan Mini Esnek Örme Kalem Elbise TWOAW24EL00821,2023-10,2025-03,0.903226,0.84,-0.063226,0.063226
TRENDYOLMİLLA Limited Edition Haki Dokuma Saten Elbise TPRSS24EL00127,2024-03,2025-02,0.85,0.913043,0.063043,0.063043
TRENDYOLMİLLA Çok Renkli Cut Out/Pencere Detaylı Maxi Dokuma Elbise TWOSS21EL3578,2022-03,2024-12,0.962963,0.9,-0.062963,0.062963
TRENDYOLMİLLA Pembe Kalıp Yaka Volanlı Dokuma Elbise TWOAW23EL01455,2023-09,2025-03,0.880952,0.818182,-0.062771,0.062771
TRENDYOLMİLLA Kırmızı Vücuda Oturan Astarlı Dokuma Kısa Şık Abiye Elbise TPRAW19BB0007,2022-04,2025-03,0.862745,0.8,-0.062745,0.062745
Trendyol Curve Siyah Askılı A-Kesim/Çan Dantelli Uzun Abiye/Mezuniyet/Nişan/Gece Elbisesi TBBAW23AH00187,2022-11,2025-03,1.0,0.9375,-0.0625,0.0625
Trendyol Curve Siyah Bisiklet Yaka Yırtmaçlı Maxi/Uzun %100 Pamuk Örme Elbise TBBSS23AH00159,2023-03,2024-08,0.875,0.8125,-0.0625,0.0625
TRENDYOLMİLLA Siyah Kuşaklı Bağlamalı Örme Maxi Plaj Elbisesi TBESS21EL2992,2022-03,2025-03,0.9375,1.0,0.0625,0.0625
TRENDYOLMİLLA Siyah Vücuda Oturan Agraflı Örme Şık Abiye Elbise TPRSS23EL00084,2023-03,2025-01,0.941176,0.878788,-0.062389,0.062389
TRENDYOLMİLLA Çiçek Desenli Maxi Dokuma Volanlı Plaj Elbisesi TBESS19WY0004,2022-03,2025-03,0.890909,0.829268,-0.061641,0.061641
TRENDYOLMİLLA Siyah Tül Astarlı Vücuda Oturan Midi Örme Elbise TWOAW24EL00164,2023-08,2025-03,0.764706,0.826087,0.061381,0.061381
Trendyol Curve Fuşya Kare Yaka Balon Kollu Dokuma Yırtmaçlı Astarlı Şifon Elbise TBBSS22AH0012,2022-04,2024-09,0.862069,0.923077,0.061008,0.061008
TRENDYOLMİLLA Siyah Fitted/ Vücuda Oturan Kolsuz Drape Detaylı Kemerli Midi Esnek Örme Kalem Elbise TWOSS22EL0756,2022-03,2025-03,0.940299,1.0,0.059701,0.059701
TRENDYOLMİLLA Siyah Dokuma %100 Pamuk Brode Detaylı Mini Plaj Elbisesi TBESS21EL1248,2022-03,2024-10,0.941176,1.0,0.058824,0.058824
TRENDYOLMİLLA Çok Renkli Tek Kol Vücuda Oturan Aksesuar Detaylı Tül Esnek Örme Midi Kalem Elbise TWOSS24EL00174,2024-03,2025-02,1.0,0.941176,-0.058824,0.058824
TRENDYOLMİLLA Koyu Mavi Kuşaklı Maxi Modest Denim Gömlek Elbise TWOSS24EL00923,2024-08,2025-03,0.941176,1.0,0.058824,0.058824
TRENDYOLMİLLA Mavi Desenli Drapeli Vücuda Oturan Esnek Maxi Tül Kalem Elbise TWOSS23EL01799,2023-03,2025-03,0.864865,0.923077,0.058212,0.058212
TRENDYOLMİLLA Koyu Mavi Volanlı Oversize Mini Denim Elbise TWOSS23EL01942,2023-05,2024-08,0.897436,0.84,-0.057436,0.057436
TRENDYOLMİLLA Siyah A-Kesim Askı Bağlama Detaylı Dokuma Elbise TPRSS24EL00251,2024-07,2025-02,0.897959,0.955224,0.057265,0.057265
TRENDYOLMİLLA Ekru Brode Midi Dokuma Gömlek Elbise TWOSS23EL01024,2023-03,2024-12,0.8,0.857143,0.057143,0.057143
Trendyol Curve Siyah Yakası Çıtçıtlı Bodycone Fitilli Örme Büyük Beden Elbise TBBAW24AH00059,2023-10,2025-02,0.942857,1.0,0.057143,0.057143
TRENDYOLMİLLA Ekru Mini Dokuma Bağlamalı Keten Karışımlı Plaj Elbisesi TBESS23EL00103,2023-02,2025-01,0.857143,0.8,-0.057143,0.057143
TRENDYOLMİLLA Limited Edition Koyu Mavi Düğme Detaylı Halter Yaka Mini Denim Elbise TWOSS23EL01730,2023-03,2025-02,0.857143,0.8,-0.057143,0.057143
Trendyol Curve Siyah Dokuma Yırtmaçlı Elbise TBBSS22AH0012,2022-03,2025-03,0.902439,0.846154,-0.056285,0.056285
TRENDYOLMİLLA Bridal Ekru Yaka Detaylı Dokuma Abiye Gece Elbise TPRSS22EL3197,2022-04,2024-12,0.84375,0.9,0.05625,0.05625
TRENDYOLMİLLA Kahverengi Carmen Yaka Fitted/Vücuda Oturan Esnek Örme Maxi Kalem Elbise TWOSS24EL00096,2024-02,2025-03,0.913043,0.857143,-0.055901,0.055901
Trendyol Curve Siyah Düz Kruvaze Kapama Şık Mini Dokuma Büyük Beden Elbise TBBAW24AH00058,2023-09,2025-02,0.888889,0.944444,0.055556,0.055556
TRENDYOLMİLLA Çok Renkli Soyut Desenli Örme Şık Abiye Elbise TPRSS24EL00150,2024-03,2025-01,0.833333,0.888889,0.055556,0.055556
Trendyol Curve Siyah Kare Yaka Vücuda Oturan Triko Elbise TBBAW24AH00005,2023-07,2025-03,0.944444,0.888889,-0.055556,0.055556
Trendyol Curve Siyah Düz Kesim Örme Elbise TBBSS22EL2365,2022-03,2024-08,0.85,0.905405,0.055405,0.055405
TRENDYOLMİLLA Siyah Vücuda Oturan Parıltılı Örme Pullu Payet Kısa Şık Abiye Elbise TPRAW24EL00159,2023-09,2025-02,0.782609,0.727273,-0.055336,0.055336
TRENDYOLMİLLA Antrasit Askılı Mini Dokuma Jile Elbise TWOAW21EL1163,2022-04,2025-02,0.714286,0.769231,0.054945,0.054945
TRENDYOLMİLLA Siyah Sırt Dekolteli Eteği Volanlı Dik Yaka Maxi Boy Esnek Örme Elbise TWOAW24EL00380,2023-09,2025-03,0.881356,0.935484,0.054128,0.054128
TRENDYOLMİLLA Ekru Düğme Detaylı Gabardin Mini Dokuma Gömlek Elbise TWOSS22EL2970,2022-03,2025-03,0.833333,0.78,-0.053333,0.053333
Trendyol Curve Siyah Yırtmaçlı Örme Elbise TBBSS23AH00280,2023-07,2025-03,0.886364,0.833333,-0.05303,0.05303
TRENDYOLMİLLA Siyah Volanlı Kare Yaka Fitted/Vücuda Oturan Maxi Esnek Örme Elbise TWOAW24EL00613,2023-09,2025-03,1.0,0.947368,-0.052632,0.052632
TRENDYOLMİLLA Siyah Mini Triko Renk Bloklu Elbise TWOAW23EL00197,2022-09,2025-03,0.947368,1.0,0.052632,0.052632
TRENDYOLMİLLA Indigo Çiçek Baskılı Sıfır Kol Volanlı Shift/Düz Mini Esnek Örme Elbise TWOSS22EL0794,2023-03,2024-12,1.0,0.947368,-0.052632,0.052632
TRENDYOLMİLLA Kırmızı Bodycone Yırtmaçlı Fırfır Detaylı Esnek Kalın Sandy Maxi Kalem Elbise TWOSS24EL00688,2024-04,2025-03,1.0,0.947368,-0.052632,0.052632
TRENDYOLMİLLA Beyaz Yumuşak Kumaşlı Fitted/Vücuda Oturan Kısa Kollu Esnek Örme Mini Kalem Elbise TWOSS24EL00756,2024-04,2025-01,0.848485,0.9,0.051515,0.051515
TRENDYOLMİLLA Siyah Kısa Kol Bodycone/Vücuda Oturan Bisiklet Yaka Esnek Örme Maxi Kalem Elbise TWOSS24EL00097,2024-04,2025-01,0.95,1.0,0.05,0.05
TRENDYOLMİLLA Vizon Fitted/Vücuda Oturan Volanlı Midi Dokuma Elbise TWOSS20EL1342,2022-03,2025-02,0.9,0.85,-0.05,0.05
Trendyol Curve Siyah Kuşaklı Dokuma Düğmeli Midi Büyük Beden Gömlek Elbise TBBSS22AH0079,2022-03,2024-12,0.95,1.0,0.05,0.05
TRENDYOLMİLLA Siyah Düğme Detaylı Skater/Belden Açılan Midi Dokuma Elbise TWOSS22EL1185,2022-03,2025-02,0.85,0.9,0.05,0.05
TRENDYOLMİLLA Turuncu Maxi Örme Boncuk Aksesuarlı Plaj Elbisesi TBESS21EL2796,2022-03,2024-10,0.918919,0.869565,-0.049354,0.049354
TRENDYOLMİLLA Siyah Eteği Volanlı Kayık Kaya Maxi Esnek Örme Elbise TWOAW24EL00616,2023-09,2024-11,0.95082,1.0,0.04918,0.04918
TRENDYOLMİLLA Siyah Puantiyeli Belden Açılan Volanlı Bisiklet Yaka Mini Dokuma Elbise TWOAW22EL0126,2022-03,2025-03,0.88172,0.833333,-0.048387,0.048387
TRENDYOLMİLLA Siyah Maxi Triko V Yaka Jile Elbise TWOAW24EL00011,2023-11,2025-02,0.928571,0.880597,-0.047974,0.047974
TRENDYOLMİLLA Mor Vücuda Oturan Korse Detaylı Dokuma Şık Abiye Elbise TPRSS22EL00097,2023-04,2024-11,0.789474,0.837209,0.047736,0.047736
TRENDYOLMİLLA Lacivert Vücuda Oturan Midi Triko Hırka Elbise Takım TWOSS21EL0208,2022-03,2025-02,0.928571,0.880952,-0.047619,0.047619
Trendyol Curve Siyah Dokuma Volanlı Elbise TBBSS22EL1595,2022-03,2024-11,0.865385,0.818182,-0.047203,0.047203
TRENDYOLMİLLA Çok Renkli Kuşaklı Eteği Volanlı Viskon Dokuma Elbise TWOAW24EL00739,2023-10,2025-02,0.928571,0.97561,0.047038,0.047038
TRENDYOLMİLLA Gül Kurusu Eteği Volanlı Sırt Bağlama Detaylı Askılı Maxi Dokuma Elbise TWOSS23EL00027,2023-04,2025-02,0.828571,0.875,0.046429,0.046429
TRENDYOLMİLLA Zümrüt Yeşili Baskılı Bodycone/Vücuda Oturan İspanyol Kol Mini Örme Kalem Elbise TWOAW24EL00191,2023-08,2025-03,0.916667,0.962963,0.046296,0.046296
TRENDYOLMİLLA Siyah Belden Açılan Üst Bedeni Gipeli Tek Omuz Midi Dokuma Elbise TWOSS23EL01830,2024-03,2025-02,0.896552,0.942529,0.045977,0.045977
TRENDYOLMİLLA Altın Vücuda Oturan Parıltılı Örme Pullu Payet Kısa Şık Abiye Elbise TPRAW24EL00159,2023-09,2025-02,0.891892,0.846154,-0.045738,0.045738
TRENDYOLMİLLA Siyah A-Kesim Dokuma Kısa Şık Abiye Elbise TPRSS24EL00074,2024-03,2025-03,0.857143,0.902439,0.045296,0.045296
TRENDYOLMİLLA Lacivert Vücuda Oturan Degaje Yaka Midi Askılı Esnek Örme Midi Kalem Elbise TWOSS19AD0020,2022-03,2025-02,0.964789,0.92,-0.044789,0.044789
TRENDYOLMİLLA Siyah Vücuda Oturan Mini Bisiklet Yaka Fitilli Esnek Örme Kalem Elbise TWOSS19AD0053,2022-03,2025-03,0.967742,0.923077,-0.044665,0.044665
TRENDYOLMİLLA Siyah A-Kesim Astarlı Agraflı Dokuma Şifon Kısa Şık Abiye Elbise TPRSS24EL00073,2024-02,2025-02,0.642857,0.6875,0.044643,0.044643
TRENDYOLMİLLA Siyah Mini Triko Kontrast Renkli Elbise TWOAW24EL00041,2023-09,2025-02,0.9,0.944444,0.044444,0.044444
Trendyol Curve Zümrüt Yeşili Örme Drape Detaylı Maxi/Uzun Abiye Elbise TBBSS22AD00000,2022-07,2025-01,0.933333,0.888889,-0.044444,0.044444
TRENDYOLMİLLA Siyah Cut Out/Pencere Detaylı Örme Şık Abiye Elbise TPRAW25EL00022,2024-10,2025-03,0.95122,0.906977,-0.044243,0.044243
TRENDYOLMİLLA Kahverengi Eteği Belden Açılan Mini Dokuma Gömlek Elbise TWOAW25EL00154,2024-10,2025-03,0.690909,0.647059,-0.04385,0.04385
TRENDYOLMİLLA Siyah A-Kesim Balen Detaylı Dokuma Kısa Abiye Gece Elbise TPRSS22EL00065,2022-05,2024-08,0.782609,0.73913,-0.043478,0.043478
TRENDYOLMİLLA Haki Düğmeli Kolsuz Midi Dokuma Gömlek Elbise TWOSS24EL00442,2024-04,2024-11,0.764706,0.807692,0.042986,0.042986
TRENDYOLMİLLA Siyah Cut Out Detaylı Bodycone/Vücuda Oturan Dik Yaka Örme Kalem Elbise TWOSS23EL02166,2023-04,2025-03,0.857143,0.9,0.042857,0.042857
TRENDYOLMİLLA Antrasit Yıkamalı/Soluk Efektli Shift/Düz Kesim Örme Elbise TWOSS24EL00126,2024-04,2025-03,0.860465,0.818182,-0.042283,0.042283
TRENDYOLMİLLA Siyah Sıfır Kol Drapeli Bodycone/Vücuda Oturan Esnek Örme Maxi Kalem Elbise TWOSS24EL00101,2024-01,2025-03,1.0,0.958333,-0.041667,0.041667
TRENDYOLMİLLA Siyah Yumuşak Dokulu Midi Kruvaze Yaka Bağlama Detaylı Triko Elbise,2022-04,2024-12,0.625,0.666667,0.041667,0.041667
TRENDYOLMİLLA Çok Renkli Çiçek Desenli A Kesim Astarlı Midi Dokuma Elbise TWOSS20EL0908,2023-07,2025-03,0.833333,0.875,0.041667,0.041667
TRENDYOLMİLLA Lacivert Fitted/Vücuda Oturan Askılı Esnek Maxi Örme Kalem Elbise TWOSS23EL02435,2023-10,2024-10,0.93617,0.894737,-0.041433,0.041433
TRENDYOLMİLLA Siyah Yaka Detaylı A-Kesim Dokuma Şık Abiye Elbise TPRSS24EL00210,2024-06,2025-02,0.87037,0.911765,0.041394,0.041394
TRENDYOLMİLLA Çok Renkli Çiçek Desenli A Kesim V Yaka Astarlı Şifon Dokuma Elbise TWOAW24EL00320,2023-08,2025-03,0.809524,0.85,0.040476,0.040476
Trendyol Curve Siyah Uzun Kol Vücuda Oturan Yırtmaçlı Midi/Orta Boy Dokuma Elbise TBBAW24AH00089,2023-10,2024-12,0.722222,0.681818,-0.040404,0.040404
Trendyol Curve Zümrüt Yeşili Şifon Dokuma Büyük Beden Elbise,2024-09,2025-03,0.921053,0.880952,-0.0401,0.0401
TRENDYOLMİLLA Siyah A-Kesim Astarlı Volanlı Dokuma Şifon Kısa Şık Abiye Elbise TPRSS23EL00096,2023-03,2025-02,0.885714,0.846154,-0.03956,0.03956
TRENDYOLMİLLA Mavi Mini Astarlı Dik Yaka Dokuma Elbise TCLAW19LJ0076,2022-09,2025-03,0.939394,0.9,-0.039394,0.039394
TRENDYOLMİLLA Çok Renkli Yaka Detaylı Dokuma Elbise TWOAW22EL0118,2022-03,2025-02,0.875,0.914286,0.039286,0.039286
TRENDYOLMİLLA Kırmızı Shift/Düz Kesim Dik Yaka Midi Dokuma Elbise TWOSS20EL1864,2022-06,2024-08,0.927711,0.888889,-0.038822,0.038822
TRENDYOLMİLLA Siyah Cepli Premium Bisiklet Yaka A-Line Örme Midi Elbise TWOSS24EL00169,2024-03,2024-11,0.904762,0.865979,-0.038783,0.038783
TRENDYOLMİLLA Siyah Midi Triko Polo Yaka Elbise TWOAW22EL1376,2022-03,2025-02,0.947368,0.909091,-0.038278,0.038278
TRENDYOLMİLLA Mavi Etek Ucu Püsküllü Kemerli Maxi Denim Elbise TWOSS24EL00377,2024-03,2025-03,0.775,0.8125,0.0375,0.0375
TRENDYOLMİLLA Kahverengi Midi Triko Bisiklet Yaka Elbise TWOAW21EL0422,2022-03,2025-02,0.9,0.9375,0.0375,0.0375
TRENDYOLMİLLA Kahverengi Kuşaklı Dantel Detaylı Mini Dokuma Gömlek Elbise TWOAW21EL1964,2022-03,2025-03,0.764706,0.727273,-0.037433,0.037433
Trendyol Curve Pembe Astarlı Şifon Çiçekli Kare Yaka Balon Kol Dokuma Büyük Beden Elbise TBBSS24AH00189,2024-04,2024-12,0.846154,0.809524,-0.03663,0.03663
"Trendyol Curve Siyah Örme Drape Detaylı 
Maxi/Uzun Abiye Elbise TBBSS22AD00000",2022-07,2025-03,0.863636,0.9,0.036364,0.036364
TRENDYOLMİLLA Taş Midi Triko Basic Hırkalı Elbise TWOSS23EL00738,2023-01,2025-02,0.714286,0.75,0.035714,0.035714
TRENDYOLMİLLA Ekru A-Kesim Mini Pamuklu Pencere/Cut Out Detaylı Detaylı Kare Yaka Dokuma Elbise TWOSS23EL00596,2023-03,2024-11,0.714286,0.75,0.035714,0.035714
TRENDYOLMİLLA Pembe A-Kesim Dokuma Kısa Abiye Gece Elbise TPRSS23EL00031,2023-04,2025-03,0.714286,0.75,0.035714,0.035714
TRENDYOLMİLLA Mavi Şal Desenli A-line Bağlama Detaylı Midi Dokuma Elbise TWOSS24EL00458,2024-03,2025-03,0.833333,0.868687,0.035354,0.035354
TRENDYOLMİLLA Limited Edition Çok Renkli Çiçek Baskılı Örme Maxi Esnek Kalem Elbise TWOSS24EL00563,2024-04,2025-03,0.891892,0.857143,-0.034749,0.034749
TRENDYOLMİLLA Pudra A-Kesim Dokuma Şık Abiye Elbise TPRSS24EL00160,2024-04,2025-03,0.842105,0.807692,-0.034413,0.034413
TRENDYOLMİLLA Haki Kuşaklı Bağlamalı Örme Maxi Plaj Elbisesi TBESS21EL2992,2022-04,2024-08,0.9,0.866667,-0.033333,0.033333
TRENDYOLMİLLA Turuncu Baskıılı Vücuda Oturan Midi Tek Omuz Ayarlanabilir Askılı Örme Kalem Elbise TWOSS23EL01577,2023-04,2025-03,0.9,0.933333,0.033333,0.033333
Trendyol Curve Siyah Büyük Beden Astarsız Uzun Kollu A-Kesim Mini Dokuma Elbise TBBAW23AH00035,2022-11,2025-03,0.866667,0.833333,-0.033333,0.033333
TRENDYOLMİLLA Mor Çiçek Desenli A Kesim Carmen Yaka Form Midi Dokuma Elbise TWOSS23EL01243,2023-04,2024-10,0.911765,0.878788,-0.032977,0.032977
TRENDYOLMİLLA Soyut Desenli Vücuda Oturan Mini Örme Büzgülü Transparan Plaj Elbisesi TBESS22EL0702,2022-04,2025-03,0.818182,0.785714,-0.032468,0.032468
TRENDYOLMİLLA Siyah Taş Detaylı Skater/Belden Açılan Kısa Kollu Mini Örme Kalem Elbise TWOAW24EL00395,2023-09,2025-03,0.954545,0.985915,0.03137,0.03137
TRENDYOLMİLLA Siyah Düz Maxi Kruvaze Detaylı A-line/Çan Açılan Melek Kol Örme Elbise TWOAW25EL00098,2024-08,2025-03,0.96875,1.0,0.03125,0.03125
TRENDYOLMİLLA Siyah Taş Baskılı Straplez Dokuma Kısa Şık Abiye Elbise TPRSS23EL00577,2023-06,2025-01,0.878049,0.909091,0.031042,0.031042
TRENDYOLMİLLA Siyah A Kesim Gömlek Yaka Tüvit Mini Dokuma Elbise TWOAW23EL00701,2022-09,2025-03,0.833333,0.802469,-0.030864,0.030864
TRENDYOLMİLLA Çok Renkli Çiçek Desenli Kare Yaka A Kesim Viskon Midi Dokuma Elbise TWOSS20EL3331,2022-03,2024-09,0.769231,0.8,0.030769,0.030769
TRENDYOLMİLLA Siyah Maxi Dokuma Volanlı Plaj Elbisesi TBESS19WY0004,2022-08,2024-12,0.913043,0.882353,-0.030691,0.030691
TRENDYOLMİLLA Kırmızı Piliseli Astarlı Şifon Dokuma Elbise TWOAW24EL00478,2023-10,2025-03,0.830189,0.8,-0.030189,0.030189
Trendyol Curve Kırmızı Büyük Beden Astarsız Truvakar Kol Mini/Kısa Boy Dokuma Ceket Elbise TBBAW23AH00042,2022-11,2025-03,0.782609,0.8125,0.029891,0.029891
TRENDYOLMİLLA Premium Kahverengi Desenli Fitted/Vücuda Oturan Midi Esnek Örme Elbise TWOSS23EL01110,2023-03,2025-03,0.970588,1.0,0.029412,0.029412
TRENDYOLMİLLA Siyah A-Kesim Taş Aksesuarlı Dokuma Elbise TPRSS24EL00178,2024-07,2025-03,0.903846,0.875,-0.028846,0.028846
TRENDYOLMİLLA Kırmızı Vücuda Oturan Dokuma Elbise TPRSS24EL00136,2024-06,2025-02,0.878788,0.85,-0.028788,0.028788
TRENDYOLMİLLA Siyah Vücuda Oturan Örme Kadife Midi Elbise TPRAW25EL00135,2024-10,2025-03,0.933333,0.904762,-0.028571,0.028571
Trendyol Curve Siyah Kruvaze Yaka Askılı Örme Elbise TBBSS22EL1565,2022-03,2025-02,0.971429,1.0,0.028571,0.028571
Trendyol Curve Fuşya Büyük Beden Astarsız Truvakar Kol Mini/Kısa Boy Dokuma Ceket Elbise TBBAW23AH00042,2023-04,2025-03,0.821429,0.85,0.028571,0.028571
TRENDYOLMİLLA Mor Eteği Volanlı Mini Şifon Dokuma Kışlık Elbise TWOAW24EL00592,2023-09,2025-02,0.909091,0.9375,0.028409,0.028409
Trendyol Curve Siyah Dokuma Yırtmaçlı İnce Ayarlanabilir Askılı Abiye/Gece/Mezuniyet/Nişan Elbise TBBSS22AD00001,2022-07,2025-03,0.923077,0.894737,-0.02834,0.02834
TRENDYOLMİLLA Siyah Vücuda Oturan Tek Omuz Fiyonk Detaylı Dokuma Şık Midi Abiye Elbise TPRSS24EL00258,2024-07,2025-02,0.891892,0.863636,-0.028256,0.028256
TRENDYOLMİLLA Çok Renkli Çiçek Desenli Dokuma Saten Şık Abiye Elbise TPRSS23EL00305,2023-01,2025-03,0.846154,0.818182,-0.027972,0.027972
TRENDYOLMİLLA Siyah A-Kesim Astarlı Korse Detaylı Biyeli Dokuma Kısa Şık Abiye Elbise TPRSS23EL00251,2023-03,2025-03,0.65625,0.684211,0.027961,0.027961
TRENDYOLMİLLA Siyah Parlak Taşlı Dokuma Kısa Şık Abiye Elbise TPRSS23EL00091,2023-05,2024-09,0.75,0.777778,0.027778,0.027778
TRENDYOLMİLLA Pembe A-Kesim Fiyonk Detaylı Dokuma Şık Abiye Elbise TPRSS24EL00105,2024-02,2024-12,0.75,0.777778,0.027778,0.027778
TRENDYOLMİLLA Siyah Düz Midi Vatkalı Drapeli Bodycone/Vücuda Oturan Esnek Elbise Örme Elbise TWOSS24EL00975,2024-07,2025-03,0.953488,0.925926,-0.027562,0.027562
Trendyol Curve Siyah Şifon Kollu Midi Dokuma Büyük Beden Elbise TBBAW24AH00049,2023-09,2025-02,0.923077,0.95,0.026923,0.026923
TRENDYOLMİLLA Siyah Düz Kesim Nakışlı Midi Dokuma Elbise TWOAW22EL0882,2022-03,2024-06,0.96,0.933333,-0.026667,0.026667
Trendyol Curve Siyah Çiçek Desenli A-line Maxi Boy Örme Büyük Beden Elbise TBBSS22AH00009,2022-04,2025-03,0.911111,0.9375,0.026389,0.026389
TRENDYOLMİLLA Haki Askılı Mini Dokuma Jile Elbise TWOAW21EL1163,2022-03,2025-03,0.882353,0.857143,-0.02521,0.02521
TRENDYOLMİLLA Kiremit Çiçek Desenli A Kesim Volanlı Astarlı Midi Dokuma Elbise TWOSS20EL0894,2022-04,2025-03,0.932773,0.907692,-0.025081,0.025081
TRENDYOLMİLLA Siyah Sırt Dekolteli Fitted/Vücuda Oturan Maxi Esnek Örme Maxi Kalem Elbise TWOSS24EL00090,2024-02,2025-03,1.0,0.975,-0.025,0.025
Trendyol Curve Kahverengi A-line Dokuma Elbise TBBSS24AH00052,2024-03,2024-12,0.888889,0.913793,0.024904,0.024904
TRENDYOLMİLLA Kırmızı Vücuda Oturan Astarlı Dokuma Şık Abiye Elbise TPRSS23EL00541,2023-05,2025-03,0.757576,0.733333,-0.024242,0.024242
TRENDYOLMİLLA Kahverengi Midi Dokuma Sırt Dekolteli Plaj Elbisesi TBESS22EL0727,2022-04,2025-02,0.933333,0.909091,-0.024242,0.024242
TRENDYOLMİLLA Ekru Çiçek Desenli Kuşaklı A Kesim Halter Yaka Kolsuz Midi Astarlı Dokuma Elbise TWOSS20EL2536,2023-03,2025-03,0.913043,0.888889,-0.024155,0.024155
Trendyol Curve Lacivert Dokuma Yakası Detaylı Elbise TBBSS22AH0246,2022-03,2025-02,0.857143,0.833333,-0.02381,0.02381
TRENDYOLMİLLA Limited Edition Siyah V Yaka Skater/Belden Açılan Esnek Maxi Örme Elbise TWOAW25EL00299,2024-09,2025-02,0.894737,0.918367,0.023631,0.023631
TRENDYOLMİLLA Limited Edition Mavi Düğme Detaylı Straplez Mini Denim Elbise TWOSS23EL01731,2023-05,2024-11,0.944444,0.921053,-0.023392,0.023392
TRENDYOLMİLLA Çok Renkli Yırtmaçlı Desenli Dokuma Elbise TWOAW23EL00325,2023-09,2025-03,0.789474,0.8125,0.023026,0.023026
TRENDYOLMİLLA Bordo Kemerli Ceket Mini Düğme Detaylı Dokuma Elbise TWOAW20EL1156,2023-10,2025-03,0.727273,0.75,0.022727,0.022727
TRENDYOLMİLLA Lacivert Maxi Triko Premium Kalite Elbise TWOSS24EL00301,2024-04,2025-02,0.904762,0.882353,-0.022409,0.022409
TRENDYOLMİLLA Siyah A-Kesim Dokuma Kısa Şık Abiye Elbise TPRSS23EL00031,2023-01,2024-10,0.8,0.777778,-0.022222,0.022222
TRENDYOLMİLLA Lacivert Tek Omuzlu Drapeli Fitted/Vücuda Oturan Maxi Esnek Örme Midi Kalem Elbise TWOSS24EL00100,2024-03,2024-11,0.866667,0.888889,0.022222,0.022222
TRENDYOLMİLLA Bridal Ekru A-Kesim Astarlı Volanlı Dokuma Şifon Kısa Düğün/Nikah Şık Abiye Elbise TPRSS23EL00096,2023-05,2025-03,0.885714,0.863636,-0.022078,0.022078
TRENDYOLMİLLA Siyah Krep Vücuda Oturan Askılı Cut Out Detaylı Volanlı Kalp Yaka Mini Örme Elbise TWOSS23EL02097,2023-04,2024-08,0.875,0.852941,-0.022059,0.022059
TRENDYOLMİLLA Siyah Polo Yaka Shift/Normal Kesim Midi Esnek Örme Elbise TWOSS24EL01012,2024-05,2025-02,0.909091,0.887097,-0.021994,0.021994
TRENDYOLMİLLA Siyah Vücuda Oturan Parıltılı Abiye Elbise TPRAW24EL00097,2023-09,2025-02,0.954545,0.933333,-0.021212,0.021212
TRENDYOLMİLLA Bridal Beyaz A-Kesim Astarlı Dokuma Kısa Düğün/Nikah Şık Abiye Elbise TPRSS24EL00117,2024-03,2025-03,0.866667,0.846154,-0.020513,0.020513
TRENDYOLMİLLA X Sagaza Studio Ekru Bel Lastik Detaylı Brode Elbise TPRSS22EL00083,2022-06,2025-02,0.826087,0.846154,0.020067,0.020067
TRENDYOLMİLLA Petrol Vücuda Oturan Dik Yaka Midi Kalem Etek Dokuma Elbise TWOAW20EL0311,2022-03,2025-03,0.946429,0.926829,-0.019599,0.019599
Trendyol Curve Siyah Beyaz Gömlek Yaka Uzun Kol Düğmeli Tüvit Elbise TBBAW24AH00026,2023-09,2025-03,0.91954,0.9,-0.01954,0.01954
Trendyol Curve Gipe ve Düğme Detaylı Dokuma Elbise,2022-03,2024-12,0.91,0.928571,0.018571,0.018571
TRENDYOLMİLLA Mor Fitted/ Vücuda Oturan Kolsuz Drape Detaylı Kemerli Midi Esnek Örme Kalem Elbise TWOSS22EL0756,2022-03,2025-03,0.981481,1.0,0.018519,0.018519
TRENDYOLMİLLA Siyah Cep Görünümlü Belden Açılan/Skater Mini Smart Krep Örme Elbise TWOSS23EL01802,2023-03,2024-06,0.814815,0.833333,0.018519,0.018519
TRENDYOLMİLLA Siyah Vücuda Oturan Astarlı Parlak Taşlı Dokuma Şık Abiye Elbise TPRSS23EL00476,2023-03,2025-03,0.904762,0.923077,0.018315,0.018315
TRENDYOLMİLLA Haki Vücuda Oturan Mini Triko Sırt Dekolteli Plaj Elbisesi TBESS23EL00240,2023-04,2025-03,0.818182,0.8,-0.018182,0.018182
TRENDYOLMİLLA Bordo Çiçek Baskılı Mini Selanik Dik Yaka Örme Elbise TWOAW25EL00282,2024-11,2025-03,0.875,0.857143,-0.017857,0.017857
TRENDYOLMİLLA Lacivert Desenli Askılı Vücuda Oturan Fitilli Esnek Örme Maxi Kalem Elbise TWOSS24EL00682,2024-03,2025-02,0.875,0.857143,-0.017857,0.017857
TRENDYOLMİLLA Siyah Sırt Detaylı Askılı Bürümcük/Dokulu Maxi Örme Elbise TWOSS24EL00259,2024-03,2024-11,0.777778,0.76,-0.017778,0.017778
TRENDYOLMİLLA Lacivert A-Kesim Beli Lastikli Denim Kısa Şık Elbise TPRAW23EL00420,2022-11,2025-03,0.9,0.882353,-0.017647,0.017647
Trendyol Curve Siyah Taş İşlemeli Uzun Kol Yırtmaçlı Dokuma Abiye/Mezuniyet/Nişan/Gece Elbisesi TBBAW24AD00001,2023-10,2025-03,0.709677,0.727273,0.017595,0.017595
TRENDYOLMİLLA Çok Renkli Cut Out Detaylı Baskılı Esnek Midi Örme Elbise TWOSS23EL01809,2023-06,2024-12,0.982456,1.0,0.017544,0.017544
TRENDYOLMİLLA Yeşil Çizgili Maxi Örme Dokulu Aksesuarlı Plaj Elbisesi TBESS23EL00066,2023-04,2025-03,0.952381,0.969697,0.017316,0.017316
TRENDYOLMİLLA Ekru Belden Açılan Şifon Astarlı Midi Dokuma Elbise TWOSS24EL00541,2024-04,2025-03,0.555556,0.538462,-0.017094,0.017094
Trendyol Curve Siyah V-Yaka Büyük Beden Tüvit Jile Mini/Kısa Boy Dokuma Elbise TBBAW23AH00193,2022-11,2025-01,0.733333,0.75,0.016667,0.016667
TRENDYOLMİLLA Turuncu Belden Açılan Bağlama Detaylı Midi Dokuma Elbise TWOSS23EL01913,2023-04,2025-02,0.785714,0.769231,-0.016484,0.016484
TRENDYOLMİLLA Kırmızı Cut Out/Pencere Detaylı Örme Şık Abiye Elbise TPRAW25EL00022,2024-09,2025-03,0.823529,0.84,0.016471,0.016471
TRENDYOLMİLLA Siyah Piliseli Astarlı Kolsuz Esnek Örme Midi Elbise TWOSS24EL00785,2024-05,2025-03,0.958333,0.973684,0.015351,0.015351
TRENDYOLMİLLA Beyaz Brode Skater/Belden Açılan Mini Astarlı Dokuma Elbise TWOSS22EL00697,2022-05,2024-11,0.86,0.875,0.015,0.015
TRENDYOLMİLLA Çok Renkli Fırfır Detaylı Tül Örme Elbise,2022-04,2025-03,0.985294,1.0,0.014706,0.014706
TRENDYOLMİLLA Siyah Düğme Detaylı Mini Dokuma Ceket Elbise TWOAW24EL00462,2023-09,2025-03,0.931818,0.945946,0.014128,0.014128
TRENDYOLMİLLA Siyah Vücuda Oturan Drapeli Dokuma Kısa Şık Abiye Elbise TPRAW24EL00083,2023-09,2025-03,0.888889,0.875,-0.013889,0.013889
TRENDYOLMİLLA Bej Mini Triko Bolero-Elbise Takım TWOAW25EL00056,2024-09,2025-03,0.882353,0.895833,0.01348,0.01348
TRENDYOLMİLLA Siyah Midi Triko Basic Carmen Yaka Elbise TWOAW25EL00033,2024-09,2025-03,0.885417,0.898734,0.013318,0.013318
TRENDYOLMİLLA Siyah Kayık Yaka Sırt Dekolteli Yırtmaçlı Fitted/Vücuda Oturan Maxi Esnek Örme Elbise TWOAW24EL00824,2023-10,2025-03,0.820896,0.807692,-0.013203,0.013203
TRENDYOLMİLLA Siyah Tüvit A Kesim Mini Şifon Kol Detaylı Dokuma Elbise TWOAW21EL0532,2022-03,2025-03,0.736842,0.75,0.013158,0.013158
TRENDYOLMİLLA Kırmızı Vücuda Oturan Dik Yaka Midi Kalem Etek Dokuma Elbise TWOAW20EL0311,2022-03,2025-01,0.903846,0.916667,0.012821,0.012821
Trendyol Curve Siyah Kemerli Drape ve Yırtmaçlı Örme Elbise TBBSS22AH00008,2022-04,2025-02,0.882353,0.869565,-0.012788,0.012788
TRENDYOLMİLLA Siyah Tüvit Görünümlü Triko Mini Elbise TWOAW25EL00542,2024-09,2025-03,0.851852,0.839286,-0.012566,0.012566
Trendyol Curve Mavi Örme Cut-Out ve Büzgü Detaylı Çiçek Desenli Yazlık Örme Elbise TBBSS22AH0142,2022-03,2025-03,0.862069,0.85,-0.012069,0.012069
TRENDYOLMİLLA Siyah Dokuma Elbise,2022-04,2025-02,0.916667,0.928571,0.011905,0.011905
Trendyol Curve Siyah Dik Yaka Transparan Detaylı Bodycon Triko Elbise TBBAW23AH00180,2022-11,2025-02,0.738095,0.75,0.011905,0.011905
TRENDYOLMİLLA Siyah A Kesim Mini Dokuma Elbise TWOAW25EL00192,2024-09,2025-03,0.84,0.828125,-0.011875,0.011875
Trendyol Curve Siyah Halter Yaka Dokuma Elbise TBBSS23AH00207,2023-05,2024-10,0.961538,0.95,-0.011538,0.011538
Trendyol Curve Siyah V Yaka Balon Kol Mini/Kısa Boy Dokuma Elbise TBBAW24AH00038,2023-08,2025-02,0.857143,0.846154,-0.010989,0.010989
Trendyol Curve Siyah Fitilli Midi Boy 2'li Triko Elbise&Crop Kazak Takım TBBAW24AH00004,2023-09,2025-03,0.789474,0.8,0.010526,0.010526
TRENDYOLMİLLA Mürdüm Çiçekli Fırfırlı Mini Dokuma Elbise TWOAW23EL01455,2024-09,2025-03,0.934783,0.944444,0.009662,0.009662
TRENDYOLMİLLA Bordo Tek Kol Vücuda Oturan Aksesuar Detaylı Tül Esnek Örme Midi Kalem Elbise TWOSS24EL00174,2024-04,2024-10,0.947368,0.956989,0.009621,0.009621
TRENDYOLMİLLA Kırmızı A-Kesim Straplez Dokuma Şık Abiye Elbise TPRSS24EL00139,2024-05,2025-03,0.857143,0.866667,0.009524,0.009524
TRENDYOLMİLLA Siyah Belden AçılanMidi Kruvaze Piliseli Ayarlanabilir Askılı Esnek Örme Elbise TWOSS20EL2729,2022-03,2024-10,0.947368,0.956522,0.009153,0.009153
TRENDYOLMİLLA Siyah Vücuda Oturan Örme Parıltılı Pullu Örme Payet Şık Abiye Elbise TPRSS24EL00030,2024-03,2025-03,0.909091,0.9,-0.009091,0.009091
TRENDYOLMİLLA Bridal Ekru Vücuda Oturan Korse Detaylı Dokuma Şık Abiye Elbise TPRSS22EL00097,2022-04,2025-03,0.9375,0.928571,-0.008929,0.008929
TRENDYOLMİLLA Siyah Animal Shift Shally Maxi Dokuma Elbise TWOSS24EL00872,2024-05,2024-09,0.893443,0.884615,-0.008827,0.008827
Trendyol Curve Siyah Polo Yaka Çizgili Mini %100 Pamuk Örme Büyük Beden Elbise TBBSS24AH00006,2024-02,2025-03,0.866667,0.875,0.008333,0.008333
TRENDYOLMİLLA Lacivert A-Kesim Saten Dokuma Şık Abiye & Mezuniyet Elbise TPRAW25EL00040,2024-09,2025-03,0.9,0.891892,-0.008108,0.008108
TRENDYOLMİLLA Siyah Düğmeli Hakim Yaka Dokuma Ceket Elbise TWOAW24EL00422,2023-09,2025-03,0.785714,0.777778,-0.007937,0.007937
TRENDYOLMİLLA Altın Vücuda Oturan Örme Parıltılı Pullu Örme Payet Şık Abiye Elbise TPRSS24EL00030,2024-03,2025-03,0.85,0.842105,-0.007895,0.007895
TRENDYOLMİLLA Siyah Balıkçı Yaka Shift/Düz Mini Selanik Uzun Kollu Örme Elbise TWOAW20EL1110,2022-03,2025-01,0.956522,0.964286,0.007764,0.007764
TRENDYOLMİLLA Çok Renkli A Kesim Dik Yaka Çiçek Desenli Süper Mini Astarlı Dokuma Elbise TWOSS21EL2880,2022-03,2025-03,0.916667,0.909091,-0.007576,0.007576
TRENDYOLMİLLA Siyah Bisiklet Yaka Taş Detaylı Shift/Düz Mini Süet Örme Elbise TWOAW24EL00523,2023-09,2025-03,0.935484,0.928571,-0.006912,0.006912
TRENDYOLMİLLA Tarçın Dokuma Püsküllü Cut Out/Pencere Maxi Plaj Elbisesi TBESS21EL3624,2022-05,2024-08,0.875,0.868421,-0.006579,0.006579
TRENDYOLMİLLA Ekru Çiçek Desenli Belden Açılan V Yaka Mini Astarlı Şifon Dokuma Elbise TWOSS23EL01782,2023-03,2025-03,0.9,0.90625,0.00625,0.00625
TRENDYOLMİLLA Camel Leopar Desenli Kruvaze Yırtmaç Detaylı Maxi Dokuma Elbise TWOSS23EL01892,2023-06,2024-09,0.96,0.966102,0.006102,0.006102
TRENDYOLMİLLA Lacivert A Kesim Korsaj Detaylı V Yaka Maxi Dokuma Elbise TWOSS24EL00620,2024-04,2025-03,0.775281,0.78125,0.005969,0.005969
TRENDYOLMİLLA Siyah A-Kesim Poplin Dokuma Midi Şık Elbise TPRSS24EL00294,2024-08,2025-03,0.775,0.769231,-0.005769,0.005769
TRENDYOLMİLLA Beyaz Dokuma Şerit Aksesuarlı Mini Plaj Elbisesi TBESS21EL2759,2022-03,2024-09,0.833333,0.827586,-0.005747,0.005747
TRENDYOLMİLLA Lacivert Mini Triko Dantelli Elbise TWOAW22EL0011,2022-07,2025-01,0.818182,0.8125,-0.005682,0.005682
TRENDYOLMİLLA Limited Edition Siyah Fitted/Vücuda Oturan Örme Maxi Esnek Kalem Elbise TWOSS24EL00563,2024-04,2025-03,0.90625,0.911765,0.005515,0.005515
TRENDYOLMİLLA Ekru Vücudu Saran Yırtmaçlı Askılı Astarlı Midi Kalem Etek Dokuma Elbise TWOSS19BB0216,2022-03,2024-12,0.894737,0.9,0.005263,0.005263
TRENDYOLMİLLA Leopar Desenli Maxi Dokuma Yırtmaçlı Plaj Elbisesi TBESS22EL0731,2022-03,2025-03,0.925926,0.931034,0.005109,0.005109
TRENDYOLMİLLA Mavi Çiçek Desenli Düz Kesim Halter Yaka Mini Astarlı Şifon Dokuma Elbise TWOSS23EL02293,2023-06,2025-03,0.891892,0.886792,-0.005099,0.005099
Trendyol Curve Bordo Dokuma Yırtmaçlı Elbise TBBSS22AH0012,2023-01,2025-02,0.857143,0.862069,0.004926,0.004926
TRENDYOLMİLLA Mavi Çiçekli Baskılı Parlak Yüzeyli Kayık Kaya Vücuda Oturan Esnek Örme Kalem Elbise TWOSS24EL00528,2024-06,2025-03,0.942308,0.9375,-0.004808,0.004808
TRENDYOLMİLLA Siyah Düz Bodycone Straplez Detaylı Finike Mini Dokuma Gömlek Elbise TWOSS24EL00751,2024-02,2025-03,0.769231,0.773585,0.004354,0.004354
TRENDYOLMİLLA Haki Maxi Dokuma Sırt Dekolteli Keten Karışımlı Plaj Elbisesi TBESS24EL00096,2024-05,2025-03,0.866667,0.8625,-0.004167,0.004167
TRENDYOLMİLLA Kiremit Vücuda Oturan Midi Triko Hırka Elbise Takım TWOSS21EL0208,2023-08,2025-02,0.823529,0.827586,0.004057,0.004057
TRENDYOLMİLLA Siyah Bodycone Sıfır Kol Yırtmaçlı Fırfır Detaylı Esnek Kalın Sandy Maxi Kalem Elbise TWOSS24EL00688,2024-03,2025-03,0.946429,0.95,0.003571,0.003571
TRENDYOLMİLLA Bridal Ekru Dokuma Abiye Gece Elbise TPRSS21EL0053,2022-04,2024-12,0.818182,0.814815,-0.003367,0.003367
TRENDYOLMİLLA Pembe Çizgili Kruvaze Yaka Midi Dokuma Elbise TWOSS23EL02233,2023-05,2024-10,0.765957,0.769231,0.003273,0.003273
TRENDYOLMİLLA Beyaz Dokuma %100 Pamuk Brode Detaylı Mini Plaj Elbisesi TBESS21EL1248,2022-04,2024-08,0.954545,0.957447,0.002901,0.002901
TRENDYOLMİLLA Plaj Giyim Geometrik Desenli Dokuma %100 Pamuk Balon Kollu Mini Elbise TBESS21EL2771,2022-03,2024-11,0.869565,0.866667,-0.002899,0.002899
Trendyol Curve Bordo Örme Drape Detaylı Maxi/Uzun Abiye Elbise TBBSS22AD00000,2022-07,2025-02,0.842105,0.84,-0.002105,0.002105
Trendyol Curve Siyah Puantiyeli A-line Mini Örme Elbise Büyük Beden Elbise TBBAW23AH00003,2022-10,2025-03,0.923077,0.921053,-0.002024,0.002024
TRENDYOLMİLLA Haki Kemerli Düğmeli Dokuma Ceket Elbise TWOAW22EL0446,2022-03,2025-03,0.921569,0.923077,0.001508,0.001508
TRENDYOLMİLLA Kahverengi Leopar Desenli Düz Kesim Mini Saten Dokuma Elbise TWOSS24EL01065,2024-06,2025-03,0.795918,0.79661,0.000692,0.000692
TRENDYOLMİLLA Siyah Fitted/Vücuda Oturan Askılı Maxi Esnek Örme Kalem Elbise TWOSS23EL02435,2023-07,2025-03,1.0,1.0,0.0,0.0
TRENDYOLMİLLA Siyah Kalın Askılı Fitted/Vücuda Oturan Esnek Örme Maxi Kalem Elbise TWOSS24EL00137,2024-02,2025-02,1.0,1.0,0.0,0.0
TRENDYOLMİLLA Siyah Vücuda Oturan Parlak Taşlı Dokuma Şık Abiye Elbise TPRSS24EL00128,2024-05,2025-03,0.933333,0.933333,0.0,0.0
TRENDYOLMİLLA Çok Renkli Kuşaklı Eteği Volanlı Astarlı Şifon Mini Dokuma Kışlık Elbise TWOAW24EL00665,2023-09,2025-03,1.0,1.0,0.0,0.0
TRENDYOLMİLLA Çok Renkli A-Kesim Çiçek Desenli Fırfırlı Örme Tül Elbise TPRSS24EL00133,2024-03,2025-02,1.0,1.0,0.0,0.0
TRENDYOLMİLLA Çok Renkli Astarlı A-Kesim Çiçek Desenli Örme Tül Kısa Şık Abiye Elbise TPRSS23EL00144,2023-03,2025-03,1.0,1.0,0.0,0.0
TRENDYOLMİLLA Mavi Vücuda Oturan Midi Triko Hırka Elbise Takım TWOSS21EL0208,2022-09,2025-02,1.0,1.0,0.0,0.0
TRENDYOLMİLLA Mavi Animal Shift Boyundan Bağlamalı Halter Yaka Shally Maxi Dokuma Elbise TWOSS24EL00872,2024-04,2025-03,0.842105,0.842105,0.0,0.0
TRENDYOLMİLLA Plaj Giyim Soyut Desenli Mini Dokuma Cut Out/Pencere %100 Pamuklu Elbise TBESS23EL00175,2023-03,2025-03,1.0,1.0,0.0,0.0
TRENDYOLMİLLA Mavi Vücuda Oturan Astarlı Parıltılı Örme Kısa Şık Abiye Elbise TPRSS23EL00425,2023-03,2025-02,0.818182,0.818182,0.0,0.0
TRENDYOLMİLLA Lacivert Polo Yaka Skater/Belden Açılan Pamuklu Esnek Örme Midi Elbise TWOSS24EL00480,2024-05,2024-12,0.833333,0.833333,0.0,0.0
TRENDYOLMİLLA Kırmızı Eteği Belden Açılan Pamuk Karışımlı Maxi Dokuma Elbise TWOSS24EL00386,2024-03,2024-12,1.0,1.0,0.0,0.0
TRENDYOLMİLLA Kahverengi Fitted/Vücuda Oturan Askılı Maxi Esnek Örme Kalem Elbise TWOSS23EL02435,2023-09,2025-03,1.0,1.0,0.0,0.0
Trendyol Curve Koyu Kahverengi Polo Yaka Fitilli Triko Elbise TBBAW23AH00002,2022-08,2025-03,1.0,1.0,0.0,0.0
TRENDYOLMİLLA Haki Kruvaze Dokuma Elbise TWOAW24EL00737,2023-09,2025-03,0.870968,0.870968,0.0,0.0
TRENDYOLMİLLA Haki Dokulu Kumaş Fitted/Vücuda Oturan Ay Kol Esnek Örme Midi Kalem Elbise TWOSS24EL00103,2024-02,2025-03,1.0,1.0,0.0,0.0
TRENDYOLMİLLA Indigo Geniş Kesim Gömlek Yaka Maxi Dokuma Elbise TWOSS24EL00861,2024-04,2024-12,0.8,0.8,0.0,0.0
TRENDYOLMİLLA Bordo Kruvaze Yaka Cut Out/Pencere Detaylı Örme Şık Abiye Elbise TPRAW23EL00272,2022-09,2025-03,1.0,1.0,0.0,0.0
