Tarih,Boy,Kilo,Beden,Yorum,ÃœrÃ¼n AdÄ±
26 Åubat 2025,Bilgi mevcut deÄŸil,Bilgi mevcut deÄŸil,Beden: 48,yÄ±rtmacÄ± fotodaki kadar deÄŸil. kumaÅŸÄ± esnek deÄŸil. normalde 46 giyiyorum 48 almama raÄŸmen dar oldu. koltuk altlarÄ± da Ã§ok aÃ§Ä±k. Ã§ok beÄŸenerek almÄ±ÅŸtÄ±m ama iade malesef,Trendyol Curve KÄ±rmÄ±zÄ± Kare Yaka Ã‡iÃ§ek Desenli Midi Dokuma BÃ¼yÃ¼k Beden Elbise TBBSS25AH00039
19 AÄŸustos 2024,Boy: 167cm,Kilo: 79kg,Beden: 44,ArkadaÅŸÄ±mÄ±n dÃ¼ÄŸÃ¼nÃ¼ iÃ§in almÄ±ÅŸtÄ±m. Efsane rahat ve kullanÄ±ÅŸlÄ±. Kesinlikle alÄ±n ve aldÄ±rÄ±n ğŸ¤šğŸ»,Trendyol Curve MÃ¼rdÃ¼m AskÄ±lÄ± YÄ±rtmaÃ§lÄ± Uzun Dokuma BÃ¼yÃ¼k Beden Abiye/Gece/Mezuniyet/NiÅŸan Elbise TBBSS22AD00001
02 AÄŸustos 2024,Bilgi mevcut deÄŸil,Bilgi mevcut deÄŸil,Beden: 50,"ÃœrÃ¼n kumaÅŸÄ±, dikimi, duruÅŸu Ã§ok gÃ¼zel 48 beden olmama raÄŸmen 50 beden sipariÅŸ ettim biraz bÃ¼yÃ¼k geldi tam bedeninizi alabilirsiniz 168 boy 115kilo",Trendyol Curve MÃ¼rdÃ¼m AskÄ±lÄ± YÄ±rtmaÃ§lÄ± Uzun Dokuma BÃ¼yÃ¼k Beden Abiye/Gece/Mezuniyet/NiÅŸan Elbise TBBSS22AD00001
11 Mart 2025,Boy: 180cm,Kilo: 110kg,Beden: 48,Ã§ok gÃ¼zel bir elbise akÄ±yor Ã¼stÃ¼nÃ¼zde yÄ±rtmacÄ± yukarda sadece ben tercih etmiyorum o kadar derin ama seven bayÄ±lÄ±r,Trendyol Curve MÃ¼rdÃ¼m AskÄ±lÄ± YÄ±rtmaÃ§lÄ± Uzun Dokuma BÃ¼yÃ¼k Beden Abiye/Gece/Mezuniyet/NiÅŸan Elbise TBBSS22AD00001
06 KasÄ±m 2024,Bilgi mevcut deÄŸil,Bilgi mevcut deÄŸil,size: 48,gÃ¼zel arkadasimin dÃ¼ÄŸÃ¼nÃ¼nde giydim bir sorun yaÅŸamadÄ±m,Trendyol Curve MÃ¼rdÃ¼m AskÄ±lÄ± YÄ±rtmaÃ§lÄ± Uzun Dokuma BÃ¼yÃ¼k Beden Abiye/Gece/Mezuniyet/NiÅŸan Elbise TBBSS22AD00001
05 EylÃ¼l 2024,Bilgi mevcut deÄŸil,Bilgi mevcut deÄŸil,Beden: 46,Siyah rengi daha baÅŸarÄ±lÄ± kÄ±rmÄ±zÄ± renk soluk gibi duruyor,Trendyol Curve MÃ¼rdÃ¼m AskÄ±lÄ± YÄ±rtmaÃ§lÄ± Uzun Dokuma BÃ¼yÃ¼k Beden Abiye/Gece/Mezuniyet/NiÅŸan Elbise TBBSS22AD00001
01 EylÃ¼l 2024,Boy: 168cm,Kilo: 100kg,Beden: 46,Potluklar var ama rengi kumaÅŸÄ± Ã§ok gÃ¼zel,Trendyol Curve MÃ¼rdÃ¼m AskÄ±lÄ± YÄ±rtmaÃ§lÄ± Uzun Dokuma BÃ¼yÃ¼k Beden Abiye/Gece/Mezuniyet/NiÅŸan Elbise TBBSS22AD00001
31 AÄŸustos 2024,Bilgi mevcut deÄŸil,Bilgi mevcut deÄŸil,Beden: 44,Yorumlara gÃ¼venerek kendi bedenimi (44) aldÄ±m ama maalesef dar geldi Ã¼st kÄ±smÄ±. Onun haricinde kumaÅŸÄ± ve duruÅŸuna bayÄ±ldÄ±m. F/P diyebilirim. Daha bÃ¼yÃ¼ÄŸÃ¼nÃ¼ sipariÅŸ ettim merakla bekliyorum. GeniÅŸ omuzlu iseniz bir bÃ¼tÃ¼n beden alÄ±n ğŸ«£,Trendyol Curve MÃ¼rdÃ¼m AskÄ±lÄ± YÄ±rtmaÃ§lÄ± Uzun Dokuma BÃ¼yÃ¼k Beden Abiye/Gece/Mezuniyet/NiÅŸan Elbise TBBSS22AD00001
19 AÄŸustos 2024,Boy: 163cm,Kilo: 93kg,Beden: 46,Ã¼rÃ¼n harika ama benim gÃ¶ÄŸÃ¼s kismimi cok sikti kapanÄ±rken zorladÄ± o yÃ¼zden iade,Trendyol Curve MÃ¼rdÃ¼m AskÄ±lÄ± YÄ±rtmaÃ§lÄ± Uzun Dokuma BÃ¼yÃ¼k Beden Abiye/Gece/Mezuniyet/NiÅŸan Elbise TBBSS22AD00001
12 AÄŸustos 2024,Bilgi mevcut deÄŸil,Bilgi mevcut deÄŸil,Beden: 46,guzel alinir,Trendyol Curve MÃ¼rdÃ¼m AskÄ±lÄ± YÄ±rtmaÃ§lÄ± Uzun Dokuma BÃ¼yÃ¼k Beden Abiye/Gece/Mezuniyet/NiÅŸan Elbise TBBSS22AD00001
08 AÄŸustos 2024,Boy: 156cm,Kilo: 70kg,Beden: 44,"BÃ¼yÃ¼k gÃ¶ÄŸÃ¼slÃ¼ olduÄŸum iÃ§in gÃ¶ÄŸÃ¼s kÄ±smÄ± dar oldu o yÃ¼zden iade edip bir beden bÃ¼yÃ¼ÄŸÃ¼nÃ¼ sipariÅŸ etmek zorunda kaldÄ±m.Onun dÄ±ÅŸÄ±nda rengi,duruÅŸu mÃ¼kemmel",Trendyol Curve MÃ¼rdÃ¼m AskÄ±lÄ± YÄ±rtmaÃ§lÄ± Uzun Dokuma BÃ¼yÃ¼k Beden Abiye/Gece/Mezuniyet/NiÅŸan Elbise TBBSS22AD00001
31 Temmuz 2024,Boy: 168cm,Kilo: 83kg,Beden: 46,168 83 kg 46 aldÄ±m biraz bÃ¼yÃ¼k oldu ama 44 Ã§ok yapÄ±ÅŸÄ±rdÄ± diye deÄŸiÅŸtirmedim elbise Ã§ok gÃ¼zelll boyu biraz uzun ama kestirmeye gerek yok,Trendyol Curve MÃ¼rdÃ¼m AskÄ±lÄ± YÄ±rtmaÃ§lÄ± Uzun Dokuma BÃ¼yÃ¼k Beden Abiye/Gece/Mezuniyet/NiÅŸan Elbise TBBSS22AD00001
27 Temmuz 2024,Boy: 165cm,Kilo: 88kg,Beden: 44,165cm 88 kilo olarak 44 sÃ¶yledim gÃ¶gÃ¼slerim 85d tam oturdu Ã§ok gÃ¼zel mutlaka alÄ±p dolaba koyulmalÄ±k Ã¶zellikle yÄ±rtmaÃ§ detayÄ± muhteÅŸem,Trendyol Curve MÃ¼rdÃ¼m AskÄ±lÄ± YÄ±rtmaÃ§lÄ± Uzun Dokuma BÃ¼yÃ¼k Beden Abiye/Gece/Mezuniyet/NiÅŸan Elbise TBBSS22AD00001
27 Temmuz 2024,Boy: 183cm,Kilo: 9kg,Beden: 46,boyum 183 kilom 90 46 beden aldÄ±m tam oldu harika bir elbiseğŸ’š,Trendyol Curve MÃ¼rdÃ¼m AskÄ±lÄ± YÄ±rtmaÃ§lÄ± Uzun Dokuma BÃ¼yÃ¼k Beden Abiye/Gece/Mezuniyet/NiÅŸan Elbise TBBSS22AD00001
26 Temmuz 2024,Boy: 165cm,Kilo: 95kg,Beden: 48,Elbise Ã§ok gÃ¼zel. Ama bana bÃ¼yÃ¼k geldi. 1 beden kÃ¼Ã§Ã¼k alabilirsiniz.,Trendyol Curve MÃ¼rdÃ¼m AskÄ±lÄ± YÄ±rtmaÃ§lÄ± Uzun Dokuma BÃ¼yÃ¼k Beden Abiye/Gece/Mezuniyet/NiÅŸan Elbise TBBSS22AD00001
16 Temmuz 2024,Boy: 160cm,Kilo: 64kg,Beden: 42,Ã§ok gÃ¼zel kendi bedenizi alin aynÄ± gÃ¶rseldeki gibi geldiğŸ‘,Trendyol Curve MÃ¼rdÃ¼m AskÄ±lÄ± YÄ±rtmaÃ§lÄ± Uzun Dokuma BÃ¼yÃ¼k Beden Abiye/Gece/Mezuniyet/NiÅŸan Elbise TBBSS22AD00001
12 Temmuz 2024,Boy: 178cm,Kilo: 95kg,Beden: 48,HayatÄ±mda aldÄ±ÄŸÄ±m en gÃ¼zel elbise diyebilirim kumaÅŸÄ± dokusu Ã¼stte duruÅŸu harika,Trendyol Curve MÃ¼rdÃ¼m AskÄ±lÄ± YÄ±rtmaÃ§lÄ± Uzun Dokuma BÃ¼yÃ¼k Beden Abiye/Gece/Mezuniyet/NiÅŸan Elbise TBBSS22AD00001
05 Temmuz 2024,Boy: 170cm,Kilo: 55kg,Beden: 46,KumaÅŸ renk hiÃ§ beklediÄŸim gibi deÄŸil maalesef iade,Trendyol Curve MÃ¼rdÃ¼m AskÄ±lÄ± YÄ±rtmaÃ§lÄ± Uzun Dokuma BÃ¼yÃ¼k Beden Abiye/Gece/Mezuniyet/NiÅŸan Elbise TBBSS22AD00001
02 Temmuz 2024,Boy: 168cm,Kilo: 110kg,Beden: 50,"KumaÅŸ kalitesi orta, bana bir beden bÃ¼yÃ¼k geldi Ã¶zellikle gÃ¶ÄŸÃ¼s kÄ±smÄ± ayrÄ±ca rengi de kiraz kÄ±rmÄ±zÄ±sÄ± gibi bana pek yakÄ±ÅŸmadÄ± o nedenle iade edeceÄŸim ama siyahÄ±nÄ±n 48 bedenini alacaÄŸÄ±m.",Trendyol Curve MÃ¼rdÃ¼m AskÄ±lÄ± YÄ±rtmaÃ§lÄ± Uzun Dokuma BÃ¼yÃ¼k Beden Abiye/Gece/Mezuniyet/NiÅŸan Elbise TBBSS22AD00001
24 Haziran 2024,Boy: 168cm,Kilo: 130kg,Beden: 50,TÃ¼m elbiselerde 50 almama raÄŸmen bu elbise olmadÄ± yani Ã¼stÃ¼me yapÄ±ÅŸtÄ± belim ince olmasÄ±na raÄŸmen o yÃ¼zden iade bir beden bÃ¼yÃ¼k alÄ±nmalÄ±,Trendyol Curve MÃ¼rdÃ¼m AskÄ±lÄ± YÄ±rtmaÃ§lÄ± Uzun Dokuma BÃ¼yÃ¼k Beden Abiye/Gece/Mezuniyet/NiÅŸan Elbise TBBSS22AD00001
15 Haziran 2024,Boy: 168cm,Kilo: 100kg,Beden: 48,"sÃ¼per renk, kumaÅŸ harika baÄ±ldÄ±m .tam bedeninizi alÄ±n",Trendyol Curve MÃ¼rdÃ¼m AskÄ±lÄ± YÄ±rtmaÃ§lÄ± Uzun Dokuma BÃ¼yÃ¼k Beden Abiye/Gece/Mezuniyet/NiÅŸan Elbise TBBSS22AD00001
17 KasÄ±m 2024,Bilgi mevcut deÄŸil,Bilgi mevcut deÄŸil,size: 44,DuruÅŸunu ve kalitesini cok begendim 44 beden aldÄ±m ama bir bÃ¼yÃ¼k bedeni alsam daha iyi olabilirdi belki ama degiÅŸtirmeye zamanÄ±m yoktu ama kesinlikle tavsiye ederim ğŸ˜Š,Trendyol Curve MÃ¼rdÃ¼m AskÄ±lÄ± YÄ±rtmaÃ§lÄ± Uzun Dokuma BÃ¼yÃ¼k Beden Abiye/Gece/Mezuniyet/NiÅŸan Elbise TBBSS22AD00001
21 EylÃ¼l 2024,Bilgi mevcut deÄŸil,Bilgi mevcut deÄŸil,Beden: 44,harika gerÃ§ekten biz Ã§ok beÄŸendik tam beden alÄ±n fiyatÄ±da kalitesi de Ã§ok iyi,Trendyol Curve MÃ¼rdÃ¼m AskÄ±lÄ± YÄ±rtmaÃ§lÄ± Uzun Dokuma BÃ¼yÃ¼k Beden Abiye/Gece/Mezuniyet/NiÅŸan Elbise TBBSS22AD00001
13 Temmuz 2024,Bilgi mevcut deÄŸil,Bilgi mevcut deÄŸil,Beden: 46,"86 kg 160 boyundayÄ±m, 46 beden aldÄ±m rahat bir ÅŸekilde oldu elbise olduÄŸundan daha zayÄ±f gÃ¶sterdi ve kumaÅŸÄ± vÃ¼cudu gÃ¼zel sarÄ±yor",Trendyol Curve MÃ¼rdÃ¼m AskÄ±lÄ± YÄ±rtmaÃ§lÄ± Uzun Dokuma BÃ¼yÃ¼k Beden Abiye/Gece/Mezuniyet/NiÅŸan Elbise TBBSS22AD00001
10 Temmuz 2024,Boy: 180cm,Kilo: 100kg,Beden: 46,Ã‡ok gÃ¼zel bir elbise ben bayÄ±ldÄ±m lÃ¼tfen 48 beden ve Ã¼stÃ¼ yeniden stoÄŸa girsin,Trendyol Curve Siyah Puantiyeli FÄ±rfÄ±rlÄ± Ayarlanabilir AskÄ±lÄ± Maxi/Uzun Boy Dokuma Elbise TBBSS24AH00018
09 Haziran 2024,Boy: 168cm,Kilo: 90kg,Beden: 46,48 beden aliprum.bol gelio 46 aliorum inanilmaz dar. nasil bi beden Ã¶lcusu. iade!,Trendyol Curve Siyah Puantiyeli FÄ±rfÄ±rlÄ± Ayarlanabilir AskÄ±lÄ± Maxi/Uzun Boy Dokuma Elbise TBBSS24AH00018
07 MayÄ±s 2024,Boy: 170cm,Kilo: 119kg,Beden: 48,120 kiloyum 1.70 boyum48 beden gidiyordum 48 tam Ã¼stÃ¼me oldu ama dar tabiki iyade edip 50 beden alicam,Trendyol Curve Siyah Puantiyeli FÄ±rfÄ±rlÄ± Ayarlanabilir AskÄ±lÄ± Maxi/Uzun Boy Dokuma Elbise TBBSS24AH00018
04 MayÄ±s 2024,Bilgi mevcut deÄŸil,Bilgi mevcut deÄŸil,Beden: 44,"46 beden ÃœrÃ¼n maalesef bÃ¼yÃ¼k geldi, ÅŸehir dÄ±ÅŸÄ±nda olduÄŸumdan 18 gÃ¼n geÃ§tiÄŸi iÃ§in deÄŸiÅŸimi kaÃ§Ä±rdÄ±m Ã§ok Ã¼zgÃ¼nÃ¼m, kÃ¶tÃ¼ bir ÅŸey yazamÄ±yorum Ã§Ã¼nkÃ¼ gÃ¼zel ama elimde patladÄ±",Trendyol Curve Siyah Puantiyeli FÄ±rfÄ±rlÄ± Ayarlanabilir AskÄ±lÄ± Maxi/Uzun Boy Dokuma Elbise TBBSS24AH00018
09 Mart 2025,Boy: 167cm,Kilo: 96kg,Beden: 46,giymemin 30. dakikasÄ±nda Ã¼stÃ¼ yÄ±rtÄ±ldÄ± ve dar gelmemesine raÄŸmen . iade ettim para iadesi yapÄ±ldÄ± yÄ±rtÄ±lmasaydÄ± gÃ¼zel bir elbiseydi begenmiÅŸtim .,Trendyol Curve Siyah Puantiyeli FÄ±rfÄ±rlÄ± Ayarlanabilir AskÄ±lÄ± Maxi/Uzun Boy Dokuma Elbise TBBSS24AH00018
25 Åubat 2025,Boy: 166cm,Kilo: 85kg,Beden: 46,"Bir kez giydim, dÃ¼ÄŸÃ¼nde elbise Ã¼zerimde parÃ§alandÄ±, bir kez giyip Ã§Ã¶pe atmak zorunda kaldÄ±m. Kesinlikle parasÄ±nq deÄŸmez almayÄ±n",Trendyol Curve Siyah Puantiyeli FÄ±rfÄ±rlÄ± Ayarlanabilir AskÄ±lÄ± Maxi/Uzun Boy Dokuma Elbise TBBSS24AH00018
20 Ocak 2025,Boy: 170cm,Kilo: 79kg,Beden: 44,"Tam beden alÄ±nmalÄ±, ÅŸahane bir elbise",Trendyol Curve Siyah Puantiyeli FÄ±rfÄ±rlÄ± Ayarlanabilir AskÄ±lÄ± Maxi/Uzun Boy Dokuma Elbise TBBSS24AH00018
10 KasÄ±m 2024,Bilgi mevcut deÄŸil,Bilgi mevcut deÄŸil,size: 48,Ã§ok gÃ¼zel bir elbise Ã§ok beÄŸendim.,Trendyol Curve Siyah Puantiyeli FÄ±rfÄ±rlÄ± Ayarlanabilir AskÄ±lÄ± Maxi/Uzun Boy Dokuma Elbise TBBSS24AH00018
08 KasÄ±m 2024,Bilgi mevcut deÄŸil,Bilgi mevcut deÄŸil,size: 44,ÃœrÃ¼n cok gÃ¼sel tam bedene oturuyor malesef dikiÅŸleri biraz Ã¶zensiz,Trendyol Curve Siyah Puantiyeli FÄ±rfÄ±rlÄ± Ayarlanabilir AskÄ±lÄ± Maxi/Uzun Boy Dokuma Elbise TBBSS24AH00018
25 Ekim 2024,Bilgi mevcut deÄŸil,Bilgi mevcut deÄŸil,size: 50,Ã§ok gÃ¼zel bi elbise severek ve bayÄ±larak giyiyorum gerÃ§ekten,Trendyol Curve Siyah Puantiyeli FÄ±rfÄ±rlÄ± Ayarlanabilir AskÄ±lÄ± Maxi/Uzun Boy Dokuma Elbise TBBSS24AH00018
03 Ekim 2024,Boy: 165cm,Kilo: 1kg,Beden: 48,Ã‡ok ince iplikleri direk attÄ± kumaÅŸ birbirinden ayrÄ±ldÄ±,Trendyol Curve Siyah Puantiyeli FÄ±rfÄ±rlÄ± Ayarlanabilir AskÄ±lÄ± Maxi/Uzun Boy Dokuma Elbise TBBSS24AH00018
03 Ekim 2024,Bilgi mevcut deÄŸil,Bilgi mevcut deÄŸil,Beden: 50,"KalÄ±bi Ã§ok dar 115kg, 162cm boy olmadÄ±.",Trendyol Curve Siyah Puantiyeli FÄ±rfÄ±rlÄ± Ayarlanabilir AskÄ±lÄ± Maxi/Uzun Boy Dokuma Elbise TBBSS24AH00018
11 EylÃ¼l 2024,Bilgi mevcut deÄŸil,Bilgi mevcut deÄŸil,Beden: 54,ÃœrÃ¼n tam beden! BeÄŸendim. DiÄŸer yorumlarda dile getirilen astar sarkmasÄ± vs. Bunda yoktu. ÅÄ±kÄ±r ÅŸÄ±kÄ±r bir elbise! Tam beden. Dar veya bol deÄŸil!,Trendyol Curve Siyah Puantiyeli FÄ±rfÄ±rlÄ± Ayarlanabilir AskÄ±lÄ± Maxi/Uzun Boy Dokuma Elbise TBBSS24AH00018
10 EylÃ¼l 2024,Boy: 157cm,Kilo: 80kg,Beden: 48,Asla Ã¶nermiyorum. Yorumum yukarÄ±da gÃ¶rÃ¼nsÃ¼n diye 5 yÄ±ldÄ±z. Milladan bir Ã§ok elbise aldÄ±m fakat bu Ã§ok kÃ¶tÃ¼. GÃ¶ÄŸÃ¼s kÄ±smÄ± bol gelmesine raÄŸmen 1 gecede geldiÄŸi hal gÃ¶rsellerde. Her yerden yÄ±rtÄ±ldÄ±. Daha 5 eylÃ¼lde teslim edildi 8 eylÃ¼lde giydim ÅŸuna bakÄ±n. Bana ulaÅŸÄ±lmasÄ±nÄ± istiyorum.,Trendyol Curve Siyah Puantiyeli FÄ±rfÄ±rlÄ± Ayarlanabilir AskÄ±lÄ± Maxi/Uzun Boy Dokuma Elbise TBBSS24AH00018
05 EylÃ¼l 2024,Boy: 165cm,Kilo: 75kg,Beden: 42,"165 boy 75 kg ile 42 beden tam oldu. Belim ince ama basenlerim var. Ã‡ok beÄŸendim 44 almÄ±ÅŸtÄ±m bÃ¼yÃ¼k olunca 42 aldÄ±m. Bence kurtarÄ±cÄ± bi elbise Ã§ok kaliteli deÄŸil ama Ã§ok ÅŸÄ±k, kiloyu kapatÄ±yorğŸ¤",Trendyol Curve Siyah Puantiyeli FÄ±rfÄ±rlÄ± Ayarlanabilir AskÄ±lÄ± Maxi/Uzun Boy Dokuma Elbise TBBSS24AH00018
31 AÄŸustos 2024,Bilgi mevcut deÄŸil,Bilgi mevcut deÄŸil,Beden: 46,Elbisenin astarÄ± yanlÄ±ÅŸ dikilmiÅŸ aslÄ±nda gÃ¼zel elbise fakat parasÄ±nÄ± haketmiyor yÄ±rtmacÄ±n tersine dikilmiÅŸ biraz deÄŸiÅŸik bir dikimi var Ã¼st yapÄ±ÅŸtÄ± altÄ± bol yÄ±rtmaÃ§ tuhaf kesilmiÅŸ iki defa aynÄ± Ã¼rÃ¼nÃ¼ sipariÅŸ ettim ikiside aynÄ± paraya deÄŸen bir elbise deÄŸil.,Trendyol Curve Siyah Puantiyeli FÄ±rfÄ±rlÄ± Ayarlanabilir AskÄ±lÄ± Maxi/Uzun Boy Dokuma Elbise TBBSS24AH00018
26 AÄŸustos 2024,Bilgi mevcut deÄŸil,Bilgi mevcut deÄŸil,Beden: 46,"KÄ±yafetin gÃ¶rÃ¼nÃ¼mÃ¼ne sakÄ±n aldanmayÄ±n, arkadaÅŸÄ±mÄ±n niÅŸanÄ±nda giydim, her yerinden sÃ¶kÃ¼lmeye baÅŸladÄ±. 2 beden bÃ¼yÃ¼k almÄ±ÅŸ olmama raÄŸmen hemde. Asla Ã¶nermiyorum.",Trendyol Curve Siyah Puantiyeli FÄ±rfÄ±rlÄ± Ayarlanabilir AskÄ±lÄ± Maxi/Uzun Boy Dokuma Elbise TBBSS24AH00018
25 AÄŸustos 2024,Boy: 170cm,Kilo: 91kg,Beden: 46,kumas daha Ä±yÄ± olabÄ±lÄ±rdÄ± ama fiyatÄ±na gÃ¶re Ã§ok iyi Ã§ok gÃ¼zel bir beden bÃ¼yÃ¼k alÄ±n,Trendyol Curve Siyah Puantiyeli FÄ±rfÄ±rlÄ± Ayarlanabilir AskÄ±lÄ± Maxi/Uzun Boy Dokuma Elbise TBBSS24AH00018
24 AÄŸustos 2024,Boy: 165cm,Kilo: 80kg,Beden: 44,inanÄ±lmaz kalitesiz kumaÅŸ ve dikim,Trendyol Curve Siyah Puantiyeli FÄ±rfÄ±rlÄ± Ayarlanabilir AskÄ±lÄ± Maxi/Uzun Boy Dokuma Elbise TBBSS24AH00018
22 AÄŸustos 2024,Bilgi mevcut deÄŸil,Bilgi mevcut deÄŸil,Beden: 46,"AslÄ±nda elbise ÅŸÄ±k, Ã§ok gÃ¼zel. Ama bu kadar mÄ± kalitesiz olur anlamadÄ±m bi de bu fiyata",Trendyol Curve Siyah Puantiyeli FÄ±rfÄ±rlÄ± Ayarlanabilir AskÄ±lÄ± Maxi/Uzun Boy Dokuma Elbise TBBSS24AH00018
22 AÄŸustos 2024,Boy: 168cm,Kilo: 95kg,Beden: 48,puantiyeleri fotoÄŸraftakinden Ã§ok daha soluk ve iÃ§ astarÄ±nÄ±n dikiminde bir hata var gibi. iade.,Trendyol Curve Siyah Puantiyeli FÄ±rfÄ±rlÄ± Ayarlanabilir AskÄ±lÄ± Maxi/Uzun Boy Dokuma Elbise TBBSS24AH00018
10 AÄŸustos 2024,Boy: 168cm,Kilo: 95kg,Beden: 48,"GÃ¶rÃ¼nÃ¼ÅŸ olarak Ã§ok gÃ¼zel, giyince de Ã§ok gÃ¼zel duruyor fakat kumaÅŸÄ± kaliteli deÄŸil dikiÅŸlerden sÃ¶kÃ¼lmeler ve yÄ±rtÄ±lmalar oldu.",Trendyol Curve Siyah Puantiyeli FÄ±rfÄ±rlÄ± Ayarlanabilir AskÄ±lÄ± Maxi/Uzun Boy Dokuma Elbise TBBSS24AH00018
25 Temmuz 2024,Bilgi mevcut deÄŸil,Bilgi mevcut deÄŸil,Beden: 46,Bir omzunun ipi kÄ±rÄ±k gÉ™ldi.Ã‡ok dar kalÄ±p É™n az 2 beden bÃ¼yÃ¼k alÄ±nmalÄ±.Malasef iade esemiyorum,Trendyol Curve Siyah Puantiyeli FÄ±rfÄ±rlÄ± Ayarlanabilir AskÄ±lÄ± Maxi/Uzun Boy Dokuma Elbise TBBSS24AH00018
08 Temmuz 2024,Boy: 160cm,Kilo: 75kg,Beden: 44,GÃ¼zel gÃ¶rÃ¼nÃ¼yordu dÃ¼ÄŸÃ¼ne giydim oynarken gÃ¶ÄŸÃ¼s kÄ±smÄ± patladÄ± ÅŸifonu aÅŸÄ±rÄ± kalitesiz,Trendyol Curve Siyah Puantiyeli FÄ±rfÄ±rlÄ± Ayarlanabilir AskÄ±lÄ± Maxi/Uzun Boy Dokuma Elbise TBBSS24AH00018
03 Temmuz 2024,Bilgi mevcut deÄŸil,Bilgi mevcut deÄŸil,Beden: 52,kesinlikle 2 beden bÃ¼yÃ¼k alÄ±nmalÄ± guzel alÄ±mlÄ± duruyir ama yirtmac baya derin,Trendyol Curve Siyah Puantiyeli FÄ±rfÄ±rlÄ± Ayarlanabilir AskÄ±lÄ± Maxi/Uzun Boy Dokuma Elbise TBBSS24AH00018
27 Haziran 2024,Boy: 175cm,Kilo: 95kg,Beden: 46,"hanÄ±m hanÄ±mcÄ±k duruyor, uzun boyuma raÄŸmen dizlerde kaldÄ±, kalÄ±bÄ± rahat ve ÅŸÄ±k. renk kÄ±rmÄ±zÄ± deÄŸil daha Ã§ok bordo gibi.",Trendyol Curve Siyah Puantiyeli FÄ±rfÄ±rlÄ± Ayarlanabilir AskÄ±lÄ± Maxi/Uzun Boy Dokuma Elbise TBBSS24AH00018
25 Haziran 2024,Bilgi mevcut deÄŸil,Bilgi mevcut deÄŸil,Beden: 52,ÃœrÃ¼n kumasÄ± Ã§ok kÃ¶tÃ¼ kendi bedenimden iki beden . BÃ¼yÃ¼k almama ve Ã¼zerinde bÃ¼yÃ¼klÃ¼kten dÃ¶nmesine raÄŸmen diliÅŸlerinde atmalar oluÅŸuyor boyunu kÄ±saltmasaydÄ±m kesinlikle iade ederdim,Trendyol Curve Siyah Puantiyeli FÄ±rfÄ±rlÄ± Ayarlanabilir AskÄ±lÄ± Maxi/Uzun Boy Dokuma Elbise TBBSS24AH00018
25 Haziran 2024,Bilgi mevcut deÄŸil,Bilgi mevcut deÄŸil,Beden: 46,her yerÄ± yÄ±rtik geldi iade edececgim almayin,Trendyol Curve Siyah Puantiyeli FÄ±rfÄ±rlÄ± Ayarlanabilir AskÄ±lÄ± Maxi/Uzun Boy Dokuma Elbise TBBSS24AH00018
23 Haziran 2024,Boy: 168cm,Kilo: 100kg,Beden: 46,Ã‡ok gÃ¼zel bir elbise ğŸŒ¸ ancak gÃ¶ÄŸÃ¼s kÄ±smÄ± sÃ¶kÃ¼k olarak geldi ğŸ˜¢ bunu iade edip yenisini sipariÅŸ vereceÄŸim .,Trendyol Curve Siyah Puantiyeli FÄ±rfÄ±rlÄ± Ayarlanabilir AskÄ±lÄ± Maxi/Uzun Boy Dokuma Elbise TBBSS24AH00018
11 Haziran 2024,Bilgi mevcut deÄŸil,Bilgi mevcut deÄŸil,Beden: 44,Elbise ÅŸÄ±kÄ±r ÅŸÄ±kÄ±r Ã§ok gÃ¼zel ama gÃ¶ÄŸÃ¼s kÄ±smÄ± dar. DeÄŸiÅŸim olmuyor iade edip yeniden alacaÄŸÄ±m mecburen Ã§Ã¼nkÃ¼ elbiseyi Ã§ok beÄŸendim.,Trendyol Curve Siyah Puantiyeli FÄ±rfÄ±rlÄ± Ayarlanabilir AskÄ±lÄ± Maxi/Uzun Boy Dokuma Elbise TBBSS24AH00018
10 Temmuz 2024,Boy: 180cm,Kilo: 100kg,Beden: 46,Ã‡ok gÃ¼zel bir elbise ben bayÄ±ldÄ±m lÃ¼tfen 48 beden ve Ã¼stÃ¼ yeniden stoÄŸa girsin,Trendyol Curve Siyah Puantiyeli FÄ±rfÄ±rlÄ± Ayarlanabilir AskÄ±lÄ± Maxi/Uzun Boy Dokuma Elbise TBBSS24AH00018
09 Haziran 2024,Boy: 168cm,Kilo: 90kg,Beden: 46,48 beden aliprum.bol gelio 46 aliorum inanilmaz dar. nasil bi beden Ã¶lcusu. iade!,Trendyol Curve Siyah Puantiyeli FÄ±rfÄ±rlÄ± Ayarlanabilir AskÄ±lÄ± Maxi/Uzun Boy Dokuma Elbise TBBSS24AH00018
07 MayÄ±s 2024,Boy: 170cm,Kilo: 119kg,Beden: 48,120 kiloyum 1.70 boyum48 beden gidiyordum 48 tam Ã¼stÃ¼me oldu ama dar tabiki iyade edip 50 beden alicam,Trendyol Curve Siyah Puantiyeli FÄ±rfÄ±rlÄ± Ayarlanabilir AskÄ±lÄ± Maxi/Uzun Boy Dokuma Elbise TBBSS24AH00018
04 MayÄ±s 2024,Bilgi mevcut deÄŸil,Bilgi mevcut deÄŸil,Beden: 44,"46 beden ÃœrÃ¼n maalesef bÃ¼yÃ¼k geldi, ÅŸehir dÄ±ÅŸÄ±nda olduÄŸumdan 18 gÃ¼n geÃ§tiÄŸi iÃ§in deÄŸiÅŸimi kaÃ§Ä±rdÄ±m Ã§ok Ã¼zgÃ¼nÃ¼m, kÃ¶tÃ¼ bir ÅŸey yazamÄ±yorum Ã§Ã¼nkÃ¼ gÃ¼zel ama elimde patladÄ±",Trendyol Curve Siyah Puantiyeli FÄ±rfÄ±rlÄ± Ayarlanabilir AskÄ±lÄ± Maxi/Uzun Boy Dokuma Elbise TBBSS24AH00018
09 Mart 2025,Boy: 167cm,Kilo: 96kg,Beden: 46,giymemin 30. dakikasÄ±nda Ã¼stÃ¼ yÄ±rtÄ±ldÄ± ve dar gelmemesine raÄŸmen . iade ettim para iadesi yapÄ±ldÄ± yÄ±rtÄ±lmasaydÄ± gÃ¼zel bir elbiseydi begenmiÅŸtim .,Trendyol Curve Siyah Puantiyeli FÄ±rfÄ±rlÄ± Ayarlanabilir AskÄ±lÄ± Maxi/Uzun Boy Dokuma Elbise TBBSS24AH00018
25 Åubat 2025,Boy: 166cm,Kilo: 85kg,Beden: 46,"Bir kez giydim, dÃ¼ÄŸÃ¼nde elbise Ã¼zerimde parÃ§alandÄ±, bir kez giyip Ã§Ã¶pe atmak zorunda kaldÄ±m. Kesinlikle parasÄ±nq deÄŸmez almayÄ±n",Trendyol Curve Siyah Puantiyeli FÄ±rfÄ±rlÄ± Ayarlanabilir AskÄ±lÄ± Maxi/Uzun Boy Dokuma Elbise TBBSS24AH00018
20 Ocak 2025,Boy: 170cm,Kilo: 79kg,Beden: 44,"Tam beden alÄ±nmalÄ±, ÅŸahane bir elbise",Trendyol Curve Siyah Puantiyeli FÄ±rfÄ±rlÄ± Ayarlanabilir AskÄ±lÄ± Maxi/Uzun Boy Dokuma Elbise TBBSS24AH00018
10 KasÄ±m 2024,Bilgi mevcut deÄŸil,Bilgi mevcut deÄŸil,size: 48,Ã§ok gÃ¼zel bir elbise Ã§ok beÄŸendim.,Trendyol Curve Siyah Puantiyeli FÄ±rfÄ±rlÄ± Ayarlanabilir AskÄ±lÄ± Maxi/Uzun Boy Dokuma Elbise TBBSS24AH00018
08 KasÄ±m 2024,Bilgi mevcut deÄŸil,Bilgi mevcut deÄŸil,size: 44,ÃœrÃ¼n cok gÃ¼sel tam bedene oturuyor malesef dikiÅŸleri biraz Ã¶zensiz,Trendyol Curve Siyah Puantiyeli FÄ±rfÄ±rlÄ± Ayarlanabilir AskÄ±lÄ± Maxi/Uzun Boy Dokuma Elbise TBBSS24AH00018
25 Ekim 2024,Bilgi mevcut deÄŸil,Bilgi mevcut deÄŸil,size: 50,Ã§ok gÃ¼zel bi elbise severek ve bayÄ±larak giyiyorum gerÃ§ekten,Trendyol Curve Siyah Puantiyeli FÄ±rfÄ±rlÄ± Ayarlanabilir AskÄ±lÄ± Maxi/Uzun Boy Dokuma Elbise TBBSS24AH00018
03 Ekim 2024,Boy: 165cm,Kilo: 1kg,Beden: 48,Ã‡ok ince iplikleri direk attÄ± kumaÅŸ birbirinden ayrÄ±ldÄ±,Trendyol Curve Siyah Puantiyeli FÄ±rfÄ±rlÄ± Ayarlanabilir AskÄ±lÄ± Maxi/Uzun Boy Dokuma Elbise TBBSS24AH00018
03 Ekim 2024,Bilgi mevcut deÄŸil,Bilgi mevcut deÄŸil,Beden: 50,"KalÄ±bi Ã§ok dar 115kg, 162cm boy olmadÄ±.",Trendyol Curve Siyah Puantiyeli FÄ±rfÄ±rlÄ± Ayarlanabilir AskÄ±lÄ± Maxi/Uzun Boy Dokuma Elbise TBBSS24AH00018
11 EylÃ¼l 2024,Bilgi mevcut deÄŸil,Bilgi mevcut deÄŸil,Beden: 54,ÃœrÃ¼n tam beden! BeÄŸendim. DiÄŸer yorumlarda dile getirilen astar sarkmasÄ± vs. Bunda yoktu. ÅÄ±kÄ±r ÅŸÄ±kÄ±r bir elbise! Tam beden. Dar veya bol deÄŸil!,Trendyol Curve Siyah Puantiyeli FÄ±rfÄ±rlÄ± Ayarlanabilir AskÄ±lÄ± Maxi/Uzun Boy Dokuma Elbise TBBSS24AH00018
10 EylÃ¼l 2024,Boy: 157cm,Kilo: 80kg,Beden: 48,Asla Ã¶nermiyorum. Yorumum yukarÄ±da gÃ¶rÃ¼nsÃ¼n diye 5 yÄ±ldÄ±z. Milladan bir Ã§ok elbise aldÄ±m fakat bu Ã§ok kÃ¶tÃ¼. GÃ¶ÄŸÃ¼s kÄ±smÄ± bol gelmesine raÄŸmen 1 gecede geldiÄŸi hal gÃ¶rsellerde. Her yerden yÄ±rtÄ±ldÄ±. Daha 5 eylÃ¼lde teslim edildi 8 eylÃ¼lde giydim ÅŸuna bakÄ±n. Bana ulaÅŸÄ±lmasÄ±nÄ± istiyorum.,Trendyol Curve Siyah Puantiyeli FÄ±rfÄ±rlÄ± Ayarlanabilir AskÄ±lÄ± Maxi/Uzun Boy Dokuma Elbise TBBSS24AH00018
05 EylÃ¼l 2024,Boy: 165cm,Kilo: 75kg,Beden: 42,"165 boy 75 kg ile 42 beden tam oldu. Belim ince ama basenlerim var. Ã‡ok beÄŸendim 44 almÄ±ÅŸtÄ±m bÃ¼yÃ¼k olunca 42 aldÄ±m. Bence kurtarÄ±cÄ± bi elbise Ã§ok kaliteli deÄŸil ama Ã§ok ÅŸÄ±k, kiloyu kapatÄ±yorğŸ¤",Trendyol Curve Siyah Puantiyeli FÄ±rfÄ±rlÄ± Ayarlanabilir AskÄ±lÄ± Maxi/Uzun Boy Dokuma Elbise TBBSS24AH00018
31 AÄŸustos 2024,Bilgi mevcut deÄŸil,Bilgi mevcut deÄŸil,Beden: 46,Elbisenin astarÄ± yanlÄ±ÅŸ dikilmiÅŸ aslÄ±nda gÃ¼zel elbise fakat parasÄ±nÄ± haketmiyor yÄ±rtmacÄ±n tersine dikilmiÅŸ biraz deÄŸiÅŸik bir dikimi var Ã¼st yapÄ±ÅŸtÄ± altÄ± bol yÄ±rtmaÃ§ tuhaf kesilmiÅŸ iki defa aynÄ± Ã¼rÃ¼nÃ¼ sipariÅŸ ettim ikiside aynÄ± paraya deÄŸen bir elbise deÄŸil.,Trendyol Curve Siyah Puantiyeli FÄ±rfÄ±rlÄ± Ayarlanabilir AskÄ±lÄ± Maxi/Uzun Boy Dokuma Elbise TBBSS24AH00018
26 AÄŸustos 2024,Bilgi mevcut deÄŸil,Bilgi mevcut deÄŸil,Beden: 46,"KÄ±yafetin gÃ¶rÃ¼nÃ¼mÃ¼ne sakÄ±n aldanmayÄ±n, arkadaÅŸÄ±mÄ±n niÅŸanÄ±nda giydim, her yerinden sÃ¶kÃ¼lmeye baÅŸladÄ±. 2 beden bÃ¼yÃ¼k almÄ±ÅŸ olmama raÄŸmen hemde. Asla Ã¶nermiyorum.",Trendyol Curve Siyah Puantiyeli FÄ±rfÄ±rlÄ± Ayarlanabilir AskÄ±lÄ± Maxi/Uzun Boy Dokuma Elbise TBBSS24AH00018
25 AÄŸustos 2024,Boy: 170cm,Kilo: 91kg,Beden: 46,kumas daha Ä±yÄ± olabÄ±lÄ±rdÄ± ama fiyatÄ±na gÃ¶re Ã§ok iyi Ã§ok gÃ¼zel bir beden bÃ¼yÃ¼k alÄ±n,Trendyol Curve Siyah Puantiyeli FÄ±rfÄ±rlÄ± Ayarlanabilir AskÄ±lÄ± Maxi/Uzun Boy Dokuma Elbise TBBSS24AH00018
24 AÄŸustos 2024,Boy: 165cm,Kilo: 80kg,Beden: 44,inanÄ±lmaz kalitesiz kumaÅŸ ve dikim,Trendyol Curve Siyah Puantiyeli FÄ±rfÄ±rlÄ± Ayarlanabilir AskÄ±lÄ± Maxi/Uzun Boy Dokuma Elbise TBBSS24AH00018
22 AÄŸustos 2024,Bilgi mevcut deÄŸil,Bilgi mevcut deÄŸil,Beden: 46,"AslÄ±nda elbise ÅŸÄ±k, Ã§ok gÃ¼zel. Ama bu kadar mÄ± kalitesiz olur anlamadÄ±m bi de bu fiyata",Trendyol Curve Siyah Puantiyeli FÄ±rfÄ±rlÄ± Ayarlanabilir AskÄ±lÄ± Maxi/Uzun Boy Dokuma Elbise TBBSS24AH00018
22 AÄŸustos 2024,Boy: 168cm,Kilo: 95kg,Beden: 48,puantiyeleri fotoÄŸraftakinden Ã§ok daha soluk ve iÃ§ astarÄ±nÄ±n dikiminde bir hata var gibi. iade.,Trendyol Curve Siyah Puantiyeli FÄ±rfÄ±rlÄ± Ayarlanabilir AskÄ±lÄ± Maxi/Uzun Boy Dokuma Elbise TBBSS24AH00018
10 AÄŸustos 2024,Boy: 168cm,Kilo: 95kg,Beden: 48,"GÃ¶rÃ¼nÃ¼ÅŸ olarak Ã§ok gÃ¼zel, giyince de Ã§ok gÃ¼zel duruyor fakat kumaÅŸÄ± kaliteli deÄŸil dikiÅŸlerden sÃ¶kÃ¼lmeler ve yÄ±rtÄ±lmalar oldu.",Trendyol Curve Siyah Puantiyeli FÄ±rfÄ±rlÄ± Ayarlanabilir AskÄ±lÄ± Maxi/Uzun Boy Dokuma Elbise TBBSS24AH00018
25 Temmuz 2024,Bilgi mevcut deÄŸil,Bilgi mevcut deÄŸil,Beden: 46,Bir omzunun ipi kÄ±rÄ±k gÉ™ldi.Ã‡ok dar kalÄ±p É™n az 2 beden bÃ¼yÃ¼k alÄ±nmalÄ±.Malasef iade esemiyorum,Trendyol Curve Siyah Puantiyeli FÄ±rfÄ±rlÄ± Ayarlanabilir AskÄ±lÄ± Maxi/Uzun Boy Dokuma Elbise TBBSS24AH00018
08 Temmuz 2024,Boy: 160cm,Kilo: 75kg,Beden: 44,GÃ¼zel gÃ¶rÃ¼nÃ¼yordu dÃ¼ÄŸÃ¼ne giydim oynarken gÃ¶ÄŸÃ¼s kÄ±smÄ± patladÄ± ÅŸifonu aÅŸÄ±rÄ± kalitesiz,Trendyol Curve Siyah Puantiyeli FÄ±rfÄ±rlÄ± Ayarlanabilir AskÄ±lÄ± Maxi/Uzun Boy Dokuma Elbise TBBSS24AH00018
03 Temmuz 2024,Bilgi mevcut deÄŸil,Bilgi mevcut deÄŸil,Beden: 52,kesinlikle 2 beden bÃ¼yÃ¼k alÄ±nmalÄ± guzel alÄ±mlÄ± duruyir ama yirtmac baya derin,Trendyol Curve Siyah Puantiyeli FÄ±rfÄ±rlÄ± Ayarlanabilir AskÄ±lÄ± Maxi/Uzun Boy Dokuma Elbise TBBSS24AH00018
27 Haziran 2024,Boy: 175cm,Kilo: 95kg,Beden: 46,"hanÄ±m hanÄ±mcÄ±k duruyor, uzun boyuma raÄŸmen dizlerde kaldÄ±, kalÄ±bÄ± rahat ve ÅŸÄ±k. renk kÄ±rmÄ±zÄ± deÄŸil daha Ã§ok bordo gibi.",Trendyol Curve Siyah Puantiyeli FÄ±rfÄ±rlÄ± Ayarlanabilir AskÄ±lÄ± Maxi/Uzun Boy Dokuma Elbise TBBSS24AH00018
25 Haziran 2024,Bilgi mevcut deÄŸil,Bilgi mevcut deÄŸil,Beden: 52,ÃœrÃ¼n kumasÄ± Ã§ok kÃ¶tÃ¼ kendi bedenimden iki beden . BÃ¼yÃ¼k almama ve Ã¼zerinde bÃ¼yÃ¼klÃ¼kten dÃ¶nmesine raÄŸmen diliÅŸlerinde atmalar oluÅŸuyor boyunu kÄ±saltmasaydÄ±m kesinlikle iade ederdim,Trendyol Curve Siyah Puantiyeli FÄ±rfÄ±rlÄ± Ayarlanabilir AskÄ±lÄ± Maxi/Uzun Boy Dokuma Elbise TBBSS24AH00018
25 Haziran 2024,Bilgi mevcut deÄŸil,Bilgi mevcut deÄŸil,Beden: 46,her yerÄ± yÄ±rtik geldi iade edececgim almayin,Trendyol Curve Siyah Puantiyeli FÄ±rfÄ±rlÄ± Ayarlanabilir AskÄ±lÄ± Maxi/Uzun Boy Dokuma Elbise TBBSS24AH00018
23 Haziran 2024,Boy: 168cm,Kilo: 100kg,Beden: 46,Ã‡ok gÃ¼zel bir elbise ğŸŒ¸ ancak gÃ¶ÄŸÃ¼s kÄ±smÄ± sÃ¶kÃ¼k olarak geldi ğŸ˜¢ bunu iade edip yenisini sipariÅŸ vereceÄŸim .,Trendyol Curve Siyah Puantiyeli FÄ±rfÄ±rlÄ± Ayarlanabilir AskÄ±lÄ± Maxi/Uzun Boy Dokuma Elbise TBBSS24AH00018
11 Haziran 2024,Bilgi mevcut deÄŸil,Bilgi mevcut deÄŸil,Beden: 44,Elbise ÅŸÄ±kÄ±r ÅŸÄ±kÄ±r Ã§ok gÃ¼zel ama gÃ¶ÄŸÃ¼s kÄ±smÄ± dar. DeÄŸiÅŸim olmuyor iade edip yeniden alacaÄŸÄ±m mecburen Ã§Ã¼nkÃ¼ elbiseyi Ã§ok beÄŸendim.,Trendyol Curve Siyah Puantiyeli FÄ±rfÄ±rlÄ± Ayarlanabilir AskÄ±lÄ± Maxi/Uzun Boy Dokuma Elbise TBBSS24AH00018
11 Haziran 2024,Boy: 160cm,Kilo: 85kg,Beden: 46,"gÃ¶ÄŸÃ¼s kÄ±smÄ± hafif dar ama rahatsÄ±zlÄ±k verecek bir boyutta deÄŸil Ã§ok ÅŸÄ±k hareketli enerjik ama aynÄ± zamanda da asil duran bir elbise. Ä°spanyol gÃ¼zellerini andiriyorsunuz giydiginizde. herhangi bir defosu yoktu, kumaÅŸÄ± esnemiyor gogusleriniz kalcaniza orantÄ±lÄ±ysa ya da daha kÃ¼Ã§Ã¼kse kendi bedeninizi, gogusleriniz Ã§ok bÃ¼yÃ¼kse bir beden bÃ¼yÃ¼k alÄ±n.",Trendyol Curve Siyah Puantiyeli FÄ±rfÄ±rlÄ± Ayarlanabilir AskÄ±lÄ± Maxi/Uzun Boy Dokuma Elbise TBBSS24AH00018
30 MayÄ±s 2024,Boy: 168cm,Kilo: 90kg,Beden: 46,ÃœstÃ¼me tam oldu deÄŸiÅŸtirsem mi diye dÃ¼ÅŸÃ¼ndÃ¼m bir bÃ¼yÃ¼ÄŸÃ¼nÃ¼ alsam mÄ± diye ama Ã¼stÃ¼me tam oldu taÅŸÄ±dÄ±m elbiseyi biraz Ã¶n yÄ±rtmaÃ§i aÃ§ik,Trendyol Curve Siyah Puantiyeli FÄ±rfÄ±rlÄ± Ayarlanabilir AskÄ±lÄ± Maxi/Uzun Boy Dokuma Elbise TBBSS24AH00018
29 MayÄ±s 2024,Boy: 169cm,Kilo: 100kg,Beden: 50,"tam yazlÄ±k , dÃ¼ÄŸÃ¼ne eÄŸlenceye her yere giyilir. bayÄ±ldÄ±m birkaÃ§ beden bÃ¼yÃ¼k alÄ±n yalnÄ±z salaÅŸ daha ÅŸÄ±k duruyor kumaÅŸÄ± esnek deÄŸil",Trendyol Curve Siyah Puantiyeli FÄ±rfÄ±rlÄ± Ayarlanabilir AskÄ±lÄ± Maxi/Uzun Boy Dokuma Elbise TBBSS24AH00018
23 MayÄ±s 2024,Boy: 163cm,Kilo: 103kg,Beden: 48,Ã¼rÃ¼n Ã§ok gÃ¼zel ama benden olarak dar kalÄ±p ve dikilmemis veya sÃ¶kÃ¼lmÃ¼ÅŸ olarak geldi iadee,Trendyol Curve Siyah Puantiyeli FÄ±rfÄ±rlÄ± Ayarlanabilir AskÄ±lÄ± Maxi/Uzun Boy Dokuma Elbise TBBSS24AH00018
15 MayÄ±s 2024,Bilgi mevcut deÄŸil,Bilgi mevcut deÄŸil,Beden: 46,"Ã‡ok gÃ¼zel bir elbise. GÃ¶beÄŸimi gizledi ama korseyle daha da gÃ¼zel durur. 100 kilo, 170 boy, bel 90 cm 46 beden tercih ettim.",Trendyol Curve Siyah Puantiyeli FÄ±rfÄ±rlÄ± Ayarlanabilir AskÄ±lÄ± Maxi/Uzun Boy Dokuma Elbise TBBSS24AH00018
14 MayÄ±s 2024,Boy: 170cm,Kilo: 95kg,Beden: 48,BirazcÄ±k dar bir beden bÃ¼yÃ¼k alÄ±nabilir,Trendyol Curve Siyah Puantiyeli FÄ±rfÄ±rlÄ± Ayarlanabilir AskÄ±lÄ± Maxi/Uzun Boy Dokuma Elbise TBBSS24AH00018
05 MayÄ±s 2024,Bilgi mevcut deÄŸil,Bilgi mevcut deÄŸil,Beden: 46,"Problem dikiÅŸi vs deÄŸil, onlar zaten kÃ¶tÃ¼ ancak bel ve kalÃ§a da duruÅŸu pot, darlÄ±k var. YÄ±rtmaÃ§ Ã§ok yukarda ve Ã§ok kesilmiÅŸ dengesiz duruyor, boy olarak da 1.50-1.65 arasÄ±ndaysanÄ±z bilekle bacak arasÄ±nda deÄŸil bileÄŸe daha yakÄ±n oluyor o da boyunuzu kÄ±sÄ±yor yaÅŸÄ±nÄ±zÄ± bÃ¼yÃ¼k gÃ¶steriyor, Ã§ok hevesle almÄ±ÅŸtÄ±m ama Ã§ok kÃ¶tÃ¼ Ã§Ä±ktÄ±",Trendyol Curve Siyah Puantiyeli FÄ±rfÄ±rlÄ± Ayarlanabilir AskÄ±lÄ± Maxi/Uzun Boy Dokuma Elbise TBBSS24AH00018
02 MayÄ±s 2024,Boy: 170cm,Kilo: 90kg,Beden: 46,Harika elbise bi beden bÃ¼yÃ¼k tercih edin esneme yapmayan bi kumaÅŸ,Trendyol Curve Siyah Puantiyeli FÄ±rfÄ±rlÄ± Ayarlanabilir AskÄ±lÄ± Maxi/Uzun Boy Dokuma Elbise TBBSS24AH00018
01 MayÄ±s 2024,Bilgi mevcut deÄŸil,Bilgi mevcut deÄŸil,Beden: 48,elbise gayet gÃ¼zel Ã§ok tatlÄ± ÅŸirin bir elbise net bir ÅŸekilde tercih edilebilir,Trendyol Curve Siyah Puantiyeli FÄ±rfÄ±rlÄ± Ayarlanabilir AskÄ±lÄ± Maxi/Uzun Boy Dokuma Elbise TBBSS24AH00018
21 Nisan 2024,Bilgi mevcut deÄŸil,Bilgi mevcut deÄŸil,Beden: 46,Harika bir elbise duruÅŸu Ã§ok gÃ¼zel alt bedeninize gÃ¶re alÄ±nnn,Trendyol Curve Siyah Puantiyeli FÄ±rfÄ±rlÄ± Ayarlanabilir AskÄ±lÄ± Maxi/Uzun Boy Dokuma Elbise TBBSS24AH00018
11 Nisan 2024,Boy: 159cm,Kilo: 95kg,Beden: 50,AÅŸÄ±rÄ± tatlÄ± fÄ±kÄ±r fÄ±kÄ±r bir elbise ben dÃ¼z indiÄŸi ve gÃ¶beÄŸim olduÄŸu iÃ§in iki beden bÃ¼yÃ¼k aldÄ±m Ã¼stÃ¼me yapÄ±ÅŸsÄ±n sevmediÄŸimden,Trendyol Curve Siyah Puantiyeli FÄ±rfÄ±rlÄ± Ayarlanabilir AskÄ±lÄ± Maxi/Uzun Boy Dokuma Elbise TBBSS24AH00018
07 Nisan 2024,Boy: 165cm,Kilo: 105kg,Beden: 48,Ã‡ok gÃ¼zel ams bende bi tuhaf durdu,Trendyol Curve Siyah Puantiyeli FÄ±rfÄ±rlÄ± Ayarlanabilir AskÄ±lÄ± Maxi/Uzun Boy Dokuma Elbise TBBSS24AH00018
24 Mart 2024,Bilgi mevcut deÄŸil,Bilgi mevcut deÄŸil,Beden: 52,"160 boy, 120 kg 52 beden aldÄ±m. instagramda gÃ¶kÃ§e karakaÅŸ'tan gÃ¶rÃ¼p almÄ±ÅŸtÄ±m. Ã§ok gÃ¼zel olduâ™¡â™¡â™¡ Ã§ok ÅŸeker bir elbise gerÃ§ekten",Trendyol Curve Siyah Puantiyeli FÄ±rfÄ±rlÄ± Ayarlanabilir AskÄ±lÄ± Maxi/Uzun Boy Dokuma Elbise TBBSS24AH00018
05 Ocak 2025,Boy: 173cm,Kilo: 85kg,Beden: 46,yÄ±rtmaÃ§ gÃ¶rÃ¼ndÃ¼ÄŸÃ¼nden de derin,Trendyol Curve Siyah Puantiyeli FÄ±rfÄ±rlÄ± Ayarlanabilir AskÄ±lÄ± Maxi/Uzun Boy Dokuma Elbise TBBSS24AH00018
04 Ocak 2025,Bilgi mevcut deÄŸil,Bilgi mevcut deÄŸil,Beden: 44,Elbise Harika..... Ã‡ok BeÄŸendim,Trendyol Curve Siyah Puantiyeli FÄ±rfÄ±rlÄ± Ayarlanabilir AskÄ±lÄ± Maxi/Uzun Boy Dokuma Elbise TBBSS24AH00018
04 AralÄ±k 2024,Boy: 168cm,Kilo: 84kg,size: 46,Astar yÄ±rtmasÄ± baÅŸka bi yerde askÄ±larÄ± ve genel olarak dikiÅŸ Ã§ok kÃ¶tÃ¼,Trendyol Curve Siyah Puantiyeli FÄ±rfÄ±rlÄ± Ayarlanabilir AskÄ±lÄ± Maxi/Uzun Boy Dokuma Elbise TBBSS24AH00018
01 AralÄ±k 2024,Bilgi mevcut deÄŸil,Bilgi mevcut deÄŸil,size: 46,"GerÃ§ekten yorumlara bakmadan bir ÅŸans verdiÄŸim elbisenin beni hÃ¼srana uÄŸratmasÄ± Ã§ok Ã¼zÃ¼cÃ¼.. bir kaÃ§ saat giydiÄŸim iÃ§in iadem olur mu bilmiyorum ama bedenime uygun aldÄ±ÄŸÄ±m elbisenin 1 saat iÃ§inde 2 yerinden yÄ±rtÄ±lÄ±p dikiÅŸ atmasÄ± ve geldiÄŸinde zaten askÄ±larÄ± Ã§Ä±kmÄ±ÅŸtÄ± beÄŸendiÄŸim iÃ§in aldÄ±rmayÄ±p yorumlara bakmadan inandÄ±ÄŸÄ±m elbise beni yarÄ± yolda bÄ±rak
DevamÄ±nÄ± Oku",Trendyol Curve Siyah Puantiyeli FÄ±rfÄ±rlÄ± Ayarlanabilir AskÄ±lÄ± Maxi/Uzun Boy Dokuma Elbise TBBSS24AH00018
30 KasÄ±m 2024,Bilgi mevcut deÄŸil,Bilgi mevcut deÄŸil,size: 44,ÃœrÃ¼n Ã§ok dandik kumaÅŸÄ± perde kumaÅŸÄ± gibi her an yÄ±rtÄ±labilir iade,Trendyol Curve Siyah Puantiyeli FÄ±rfÄ±rlÄ± Ayarlanabilir AskÄ±lÄ± Maxi/Uzun Boy Dokuma Elbise TBBSS24AH00018
14 KasÄ±m 2024,Boy: 173cm,Kilo: 90kg,size: 46,Yirtiliyor yikaninca almayin!,Trendyol Curve Siyah Puantiyeli FÄ±rfÄ±rlÄ± Ayarlanabilir AskÄ±lÄ± Maxi/Uzun Boy Dokuma Elbise TBBSS24AH00018
16 Ekim 2024,Bilgi mevcut deÄŸil,Bilgi mevcut deÄŸil,Beden: 46,Ã‡ok gÃ¼zel modeli var. Amma kumaÅŸÄ± kÃ¶tÃ¼ yÄ±rtÄ±k geldi,Trendyol Curve Siyah Puantiyeli FÄ±rfÄ±rlÄ± Ayarlanabilir AskÄ±lÄ± Maxi/Uzun Boy Dokuma Elbise TBBSS24AH00018
21 EylÃ¼l 2024,Bilgi mevcut deÄŸil,Bilgi mevcut deÄŸil,Beden: 46,Elbise Ã§ok gÃ¼zel ve Ã§ok ÅŸÄ±k fakat iÃ§ astarÄ±nÄ±n yÄ±rtmacÄ± ters yÃ¶nde yapÄ±lmÄ±ÅŸ iade edip yenisini sipariÅŸ vereceÄŸim inÅŸallah doÄŸru yÃ¶nde yÄ±rtmacÄ± olan gÃ¶nderirler. 5 yÄ±ldÄ±z hak eden bir elbise ama bundan dolayÄ± Ã¼zÃ¼lerek 3 yÄ±ldÄ±z ğŸ˜’,Trendyol Curve Siyah Puantiyeli FÄ±rfÄ±rlÄ± Ayarlanabilir AskÄ±lÄ± Maxi/Uzun Boy Dokuma Elbise TBBSS24AH00018
15 EylÃ¼l 2024,Bilgi mevcut deÄŸil,Bilgi mevcut deÄŸil,Beden: 50,Ã§ok kÃ¶tÃ¼,Trendyol Curve Siyah Puantiyeli FÄ±rfÄ±rlÄ± Ayarlanabilir AskÄ±lÄ± Maxi/Uzun Boy Dokuma Elbise TBBSS24AH00018
13 EylÃ¼l 2024,Boy: 164cm,Kilo: 88kg,Beden: 48,Elbiseyi dÃ¼ÄŸÃ¼nde giydim giydikten sonra yanÄ±nÄ±n patlak olduÄŸunu farkettim ki bedenimden iki beden bÃ¼yÃ¼k aldÄ±m rahat etmek iÃ§in sakÄ±n paranÄ±zÄ± boÅŸa harcamayÄ±n kollarÄ± oynadÄ±kÃ§a aÃ§Ä±ldÄ± askÄ±lar dÃ¼ÅŸtÃ¼,Trendyol Curve Siyah Puantiyeli FÄ±rfÄ±rlÄ± Ayarlanabilir AskÄ±lÄ± Maxi/Uzun Boy Dokuma Elbise TBBSS24AH00018
13 EylÃ¼l 2024,Bilgi mevcut deÄŸil,Bilgi mevcut deÄŸil,Beden: 46,Elbisenin yÄ±rtmacÄ± ve astarÄ± yanlÄ±ÅŸ yÃ¶ne dikilmiÅŸ. NasÄ±l gÃ¶nderirken dikkat etmediniz bÃ¶yle bi hata oldu,Trendyol Curve Siyah Puantiyeli FÄ±rfÄ±rlÄ± Ayarlanabilir AskÄ±lÄ± Maxi/Uzun Boy Dokuma Elbise TBBSS24AH00018
10 EylÃ¼l 2024,Bilgi mevcut deÄŸil,Bilgi mevcut deÄŸil,Beden: 44,harika bir Ã¼rÃ¼n,Trendyol Curve Siyah Puantiyeli FÄ±rfÄ±rlÄ± Ayarlanabilir AskÄ±lÄ± Maxi/Uzun Boy Dokuma Elbise TBBSS24AH00018
28 AÄŸustos 2024,Bilgi mevcut deÄŸil,Bilgi mevcut deÄŸil,Beden: 48,keske yorumlara baksaydim ve almasaydim bir kere giydim ve Ã§Ã¶pe atmak zorunda kaldim dikiÅŸleri sÃ¶kÃ¼ldÃ¼ cok kalitesiz,Trendyol Curve Siyah Puantiyeli FÄ±rfÄ±rlÄ± Ayarlanabilir AskÄ±lÄ± Maxi/Uzun Boy Dokuma Elbise TBBSS24AH00018
24 AÄŸustos 2024,Boy: 168cm,Kilo: 84kg,Beden: 46,"Elbisenin astarÄ±nÄ±n yÄ±rtmacÄ± saÄŸ tarafta, ÅŸifonÄ±nki sola doÄŸru ortada arkasÄ± bÃ¼zÃ¼k bÃ¼zÃ¼k dikiÅŸi sorunlu olmasa elbise gÃ¼zel modeli. Ama Ã¶zensiz vw yanlÄ±ÅŸ dikilmiÅŸ. Yenisi iÃ§in iade etcem",Trendyol Curve Siyah Puantiyeli FÄ±rfÄ±rlÄ± Ayarlanabilir AskÄ±lÄ± Maxi/Uzun Boy Dokuma Elbise TBBSS24AH00018
23 AÄŸustos 2024,Bilgi mevcut deÄŸil,Bilgi mevcut deÄŸil,Beden: 46,nasÄ±l bir ÅŸey anlamadÄ±m astarÄ± ve tÃ¼lÃ¼ ters dikilmiÅŸ. yÄ±rtmaÃ§lÄ± tarafa astar denk geliyor,Trendyol Curve Siyah Puantiyeli FÄ±rfÄ±rlÄ± Ayarlanabilir AskÄ±lÄ± Maxi/Uzun Boy Dokuma Elbise TBBSS24AH00018
23 AÄŸustos 2024,Bilgi mevcut deÄŸil,Bilgi mevcut deÄŸil,Beden: 48,"DÃ¼nyanÄ±n en gÃ¼zel elbisesi. Ama aÅŸÄ±rÄ± kalitesiz maalesef. AskÄ±larÄ± sÃ¶kÃ¼k geldi, Ã§ok gÃ¼zel olduÄŸu iÃ§in baÄŸlayÄ±p kullanÄ±rÄ±m diye iade etmedim. Ä°kinci giyiÅŸimde tÃ¼m ÅŸifonlarÄ± ayrÄ± ayrÄ± yerlerden sÃ¶kÃ¼ldÃ¼. AlÄ±nmaz maalesef f/p deÄŸil.",Trendyol Curve Siyah Puantiyeli FÄ±rfÄ±rlÄ± Ayarlanabilir AskÄ±lÄ± Maxi/Uzun Boy Dokuma Elbise TBBSS24AH00018
15 AÄŸustos 2024,Boy: 170cm,Kilo: 80kg,Beden: 46,ÃœrÃ¼n Ã§ok gÃ¼zel ama iÃ§ astarÄ±nÄ± yÄ±rtmaÃ§ yerinin tam tersinden yapmÄ±ÅŸlar iade,Trendyol Curve Siyah Puantiyeli FÄ±rfÄ±rlÄ± Ayarlanabilir AskÄ±lÄ± Maxi/Uzun Boy Dokuma Elbise TBBSS24AH00018
18 Åubat 2025,Boy: 155cm,Kilo: 74kg,Beden: 44,kumaÅŸÄ± naylonsu. hÄ±c yorum yokken aldÄ±m ve bedenide bÃ¼yÃ¼k. ust kÄ±smÄ± alt kÄ±smÄ±na gÃ¶re faha genis bunu bilerek alÄ±nÄ±z. iade,Trendyol Curve Siyah GÃ¶mlek Yaka Beli Lastikli DÃ¼ÄŸmeli Dokuma BÃ¼yÃ¼k Beden Elbise TBBSS25AH00068
14 Ocak 2025,Boy: 68cm,Kilo: 63kg,Beden: 42,beden Ã¶lÃ§Ã¼nÃ¼ze gÃ¶re almamÄ±zÄ± tavsiye ederim rahat geniÅŸ kesim,TRENDYOLMÄ°LLA Bordo Kemerli Ceket Mini DÃ¼ÄŸme DetaylÄ± Dokuma Elbise TWOAW20EL1156
14 AralÄ±k 2024,Boy: 172cm,Kilo: 65kg,Beden: 42,kesinlikle bÃ¼yÃ¼k almayin. tam kalip. boyu baya uzun. kumasi ve rengi guzel.,TRENDYOLMÄ°LLA Bordo Kemerli Ceket Mini DÃ¼ÄŸme DetaylÄ± Dokuma Elbise TWOAW20EL1156
18 KasÄ±m 2024,Bilgi mevcut deÄŸil,Bilgi mevcut deÄŸil,size: 38,3lbise ÅŸahane,TRENDYOLMÄ°LLA Bordo Kemerli Ceket Mini DÃ¼ÄŸme DetaylÄ± Dokuma Elbise TWOAW20EL1156
23 Ekim 2024,Boy: 164cm,Kilo: 50kg,size: 36,"Rengi soluk yorumlarÄ±nÄ± bilerek aldÄ±m, iyi ki de almÄ±ÅŸÄ±m gÃ¼zel duruyor",TRENDYOLMÄ°LLA Bordo Kemerli Ceket Mini DÃ¼ÄŸme DetaylÄ± Dokuma Elbise TWOAW20EL1156
21 Ekim 2024,Boy: 163cm,Kilo: 55kg,size: 36,Malesef kalite farkÄ± var renkler arasÄ±nda. YeÅŸilini bayÄ±larak giyiyorum hala,TRENDYOLMÄ°LLA Bordo Kemerli Ceket Mini DÃ¼ÄŸme DetaylÄ± Dokuma Elbise TWOAW20EL1156
08 Ekim 2024,Boy: 165cm,Kilo: 60kg,Beden: 38,DuruÅŸu Ã§ok gÃ¼zel 1.65 boy 60 kiloyum 38 beden aldÄ±m tam Ã¼stÃ¼ne oturdu.,TRENDYOLMÄ°LLA Bordo Kemerli Ceket Mini DÃ¼ÄŸme DetaylÄ± Dokuma Elbise TWOAW20EL1156
23 EylÃ¼l 2024,Boy: 172cm,Kilo: 60kg,Beden: 40,"BayÄ±ldÄ±m. Rengi dokusu boyu ideal. Boyum 1,72cm kilom 60kg M beden tam oldu. Elbisenin boyu dizimden sadece 2 parmak Ã¼stte.",TRENDYOLMÄ°LLA Bordo Kemerli Ceket Mini DÃ¼ÄŸme DetaylÄ± Dokuma Elbise TWOAW20EL1156
06 Nisan 2024,Boy: 155cm,Kilo: 50kg,Beden: 36,"36 beden aldÄ±m, armut vÃ¼cut tipliyim, olmayabilir diye tereddÃ¼t ettim ama tam oldu ne sÄ±ktÄ± ne bol durdu. Ãœzerimde duruÅŸunu Ã§ok sevdim. Kargo hÄ±zlÄ±ydÄ±. Tek sÄ±kÄ±ntÄ± rengi.. GÃ¶rseldeki gibi canlÄ± deÄŸil soluk, aÃ§Ä±k bir bordo onun dÄ±ÅŸÄ±nda her ÅŸeyiyle gÃ¼zel bir elbise.",TRENDYOLMÄ°LLA Bordo Kemerli Ceket Mini DÃ¼ÄŸme DetaylÄ± Dokuma Elbise TWOAW20EL1156
02 Åubat 2024,Bilgi mevcut deÄŸil,Bilgi mevcut deÄŸil,Beden: 38,164 boy 57 kilo m beden aldÄ±m ne dar ne geniÅŸ oldu. yumuÅŸak bir kumaÅŸÄ± var. tavsiye ederim,TRENDYOLMÄ°LLA Bordo Kemerli Ceket Mini DÃ¼ÄŸme DetaylÄ± Dokuma Elbise TWOAW20EL1156
30 KasÄ±m 2023,Boy: 155cm,Kilo: 58kg,Beden: 38,urun tam bana gore 155 boy m beden tam. kqrgo hizli,TRENDYOLMÄ°LLA Bordo Kemerli Ceket Mini DÃ¼ÄŸme DetaylÄ± Dokuma Elbise TWOAW20EL1156
29 KasÄ±m 2023,Bilgi mevcut deÄŸil,Bilgi mevcut deÄŸil,Beden: 38,"BayÄ±ldÄ±m, Ã§ok gÃ¼zel. 160cm 56 kg M beden tam oldu. HÄ±zlÄ± kargo hÄ±zlÄ± teslimat",TRENDYOLMÄ°LLA Bordo Kemerli Ceket Mini DÃ¼ÄŸme DetaylÄ± Dokuma Elbise TWOAW20EL1156
20 KasÄ±m 2023,Boy: 165cm,Kilo: 68kg,Beden: 42,gÃ¶ÄŸÃ¼s kÄ±smÄ± bÃ¼yÃ¼k olanlar 1 beden bÃ¼yÃ¼k alsÄ±n boy.170 kg 72 beden 42,TRENDYOLMÄ°LLA Bordo Kemerli Ceket Mini DÃ¼ÄŸme DetaylÄ± Dokuma Elbise TWOAW20EL1156
31 Ekim 2023,Boy: 160cm,Kilo: 57kg,Beden: 38,Model olarak gÃ¼zel kendi bedenibizde almalÄ±sÄ±nÄ±z ama biraz ÅŸiÅŸman gÃ¶steriyor beni modelinden sanÄ±rÄ±m,TRENDYOLMÄ°LLA Bordo Kemerli Ceket Mini DÃ¼ÄŸme DetaylÄ± Dokuma Elbise TWOAW20EL1156
09 Mart 2025,Boy: 168cm,Kilo: 72kg,Beden: 42,spor ve ÅŸÄ±k bedeninizi alÄ±n tam kalÄ±p rengi gorseldeko gibi,TRENDYOLMÄ°LLA Bordo Kemerli Ceket Mini DÃ¼ÄŸme DetaylÄ± Dokuma Elbise TWOAW20EL1156
21 Ocak 2025,Bilgi mevcut deÄŸil,Bilgi mevcut deÄŸil,Beden: 42,zkargo harika hÄ±zlÄ± idi elbise Ã§ok gÃ¼zel bir beden bÃ¼yÃ¼k aldÄ±m tama oldu,TRENDYOLMÄ°LLA Bordo Kemerli Ceket Mini DÃ¼ÄŸme DetaylÄ± Dokuma Elbise TWOAW20EL1156
16 Ocak 2025,Boy: 168cm,Kilo: 78kg,Beden: 42,elbise Ã§ok gÃ¼zel ama yÄ±kayÄ±nca Ã§ekti. Bir beden bÃ¼yÃ¼k alÄ±nmalÄ±,TRENDYOLMÄ°LLA Bordo Kemerli Ceket Mini DÃ¼ÄŸme DetaylÄ± Dokuma Elbise TWOAW20EL1156
14 AralÄ±k 2024,Bilgi mevcut deÄŸil,Bilgi mevcut deÄŸil,Beden: 38,"Elbise gÃ¼zel ama bol oldu, maalesef iade edeceÄŸim .",TRENDYOLMÄ°LLA Bordo Kemerli Ceket Mini DÃ¼ÄŸme DetaylÄ± Dokuma Elbise TWOAW20EL1156
10 AralÄ±k 2024,Boy: 159cm,Kilo: 75kg,Beden: 40,harika bir elbise kÃ¼Ã§Ã¼k geldi iade edip bÃ¼yÃ¼ÄŸÃ¼nÃ¼ istedim,TRENDYOLMÄ°LLA Bordo Kemerli Ceket Mini DÃ¼ÄŸme DetaylÄ± Dokuma Elbise TWOAW20EL1156
10 AralÄ±k 2024,Boy: 172cm,Kilo: 70kg,Beden: 42,KumaÅŸÄ± modeli rengi harika bir elbise,TRENDYOLMÄ°LLA Bordo Kemerli Ceket Mini DÃ¼ÄŸme DetaylÄ± Dokuma Elbise TWOAW20EL1156
29 KasÄ±m 2024,Bilgi mevcut deÄŸil,Bilgi mevcut deÄŸil,size: 40,Ä°lk yÄ±kama sonrasÄ± inanÄ±lmaz soldu giyilemeyecek kadar,TRENDYOLMÄ°LLA Bordo Kemerli Ceket Mini DÃ¼ÄŸme DetaylÄ± Dokuma Elbise TWOAW20EL1156
21 Ekim 2024,Boy: 162cm,Kilo: 54kg,size: 38,Yorumlara bakarak bir beden bÃ¼yÃ¼k aldÄ±m bol oldu bence tam kalÄ±p,TRENDYOLMÄ°LLA Bordo Kemerli Ceket Mini DÃ¼ÄŸme DetaylÄ± Dokuma Elbise TWOAW20EL1156
21 Ekim 2024,Bilgi mevcut deÄŸil,Bilgi mevcut deÄŸil,size: 40,"Ã§ok ÅŸÄ±k ve kaliteli mini elbise ,tam Ã¶lÃ§Ã¼ alÄ±nmasÄ± gerekir .",TRENDYOLMÄ°LLA Bordo Kemerli Ceket Mini DÃ¼ÄŸme DetaylÄ± Dokuma Elbise TWOAW20EL1156
17 Ekim 2024,Boy: 156cm,Kilo: 51kg,size: 38,Kemersiz gÃ¶ndermiÅŸler,TRENDYOLMÄ°LLA Bordo Kemerli Ceket Mini DÃ¼ÄŸme DetaylÄ± Dokuma Elbise TWOAW20EL1156
09 Ekim 2024,Bilgi mevcut deÄŸil,Bilgi mevcut deÄŸil,Beden: 38,Renk Ã§ok gÃ¼zel ama kollar hoÅŸ durmadÄ±. Ä°ade,TRENDYOLMÄ°LLA Bordo Kemerli Ceket Mini DÃ¼ÄŸme DetaylÄ± Dokuma Elbise TWOAW20EL1156
01 Ekim 2024,Bilgi mevcut deÄŸil,Bilgi mevcut deÄŸil,Beden: 38,Ã§ok gÃ¼zel duruyor,TRENDYOLMÄ°LLA Bordo Kemerli Ceket Mini DÃ¼ÄŸme DetaylÄ± Dokuma Elbise TWOAW20EL1156
15 EylÃ¼l 2024,Boy: 167cm,Kilo: 57kg,Beden: 34,Bunu iade ettim ben ya. Yani ÅŸuan hatÄ±rlayamadÄ±m,TRENDYOLMÄ°LLA Bordo Kemerli Ceket Mini DÃ¼ÄŸme DetaylÄ± Dokuma Elbise TWOAW20EL1156
09 AÄŸustos 2024,Bilgi mevcut deÄŸil,Bilgi mevcut deÄŸil,Beden: 40,"Rengi atmÄ±ÅŸ, kemer yok yani trendyolmilladan beklenmeyecek bir Ã¼rÃ¼n iade ettim",TRENDYOLMÄ°LLA Bordo Kemerli Ceket Mini DÃ¼ÄŸme DetaylÄ± Dokuma Elbise TWOAW20EL1156
25 Temmuz 2024,Bilgi mevcut deÄŸil,Bilgi mevcut deÄŸil,Beden: 40,Ã§ok beÄŸendik bÄ±r beden bÃ¼yÃ¼k alÄ±nabilir,TRENDYOLMÄ°LLA Bordo Kemerli Ceket Mini DÃ¼ÄŸme DetaylÄ± Dokuma Elbise TWOAW20EL1156
13 Temmuz 2024,Boy: 160cm,Kilo: 55kg,Beden: 36,Daha Ã¶nce yeÅŸilini aldÄ±m. KÄ±ÅŸÄ±n ve sonbahar iÃ§in.Bedeninize gÃ¶nder alÄ±n.,TRENDYOLMÄ°LLA Bordo Kemerli Ceket Mini DÃ¼ÄŸme DetaylÄ± Dokuma Elbise TWOAW20EL1156
07 Haziran 2024,Boy: 176cm,Kilo: 70kg,Beden: 40,Ã§ok gÃ¼zel ve rahat oversÄ±ze Ã¼rÃ¼n,TRENDYOLMÄ°LLA Bordo Kemerli Ceket Mini DÃ¼ÄŸme DetaylÄ± Dokuma Elbise TWOAW20EL1156
14 Ocak 2025,Boy: 68cm,Kilo: 63kg,Beden: 42,beden Ã¶lÃ§Ã¼nÃ¼ze gÃ¶re almamÄ±zÄ± tavsiye ederim rahat geniÅŸ kesim,TRENDYOLMÄ°LLA Bordo Kemerli Ceket Mini DÃ¼ÄŸme DetaylÄ± Dokuma Elbise TWOAW20EL1156
14 AralÄ±k 2024,Boy: 172cm,Kilo: 65kg,Beden: 42,kesinlikle bÃ¼yÃ¼k almayin. tam kalip. boyu baya uzun. kumasi ve rengi guzel.,TRENDYOLMÄ°LLA Bordo Kemerli Ceket Mini DÃ¼ÄŸme DetaylÄ± Dokuma Elbise TWOAW20EL1156
18 KasÄ±m 2024,Bilgi mevcut deÄŸil,Bilgi mevcut deÄŸil,size: 38,3lbise ÅŸahane,TRENDYOLMÄ°LLA Bordo Kemerli Ceket Mini DÃ¼ÄŸme DetaylÄ± Dokuma Elbise TWOAW20EL1156
23 Ekim 2024,Boy: 164cm,Kilo: 50kg,size: 36,"Rengi soluk yorumlarÄ±nÄ± bilerek aldÄ±m, iyi ki de almÄ±ÅŸÄ±m gÃ¼zel duruyor",TRENDYOLMÄ°LLA Bordo Kemerli Ceket Mini DÃ¼ÄŸme DetaylÄ± Dokuma Elbise TWOAW20EL1156
21 Ekim 2024,Boy: 163cm,Kilo: 55kg,size: 36,Malesef kalite farkÄ± var renkler arasÄ±nda. YeÅŸilini bayÄ±larak giyiyorum hala,TRENDYOLMÄ°LLA Bordo Kemerli Ceket Mini DÃ¼ÄŸme DetaylÄ± Dokuma Elbise TWOAW20EL1156
08 Ekim 2024,Boy: 165cm,Kilo: 60kg,Beden: 38,DuruÅŸu Ã§ok gÃ¼zel 1.65 boy 60 kiloyum 38 beden aldÄ±m tam Ã¼stÃ¼ne oturdu.,TRENDYOLMÄ°LLA Bordo Kemerli Ceket Mini DÃ¼ÄŸme DetaylÄ± Dokuma Elbise TWOAW20EL1156
23 EylÃ¼l 2024,Boy: 172cm,Kilo: 60kg,Beden: 40,"BayÄ±ldÄ±m. Rengi dokusu boyu ideal. Boyum 1,72cm kilom 60kg M beden tam oldu. Elbisenin boyu dizimden sadece 2 parmak Ã¼stte.",TRENDYOLMÄ°LLA Bordo Kemerli Ceket Mini DÃ¼ÄŸme DetaylÄ± Dokuma Elbise TWOAW20EL1156
06 Nisan 2024,Boy: 155cm,Kilo: 50kg,Beden: 36,"36 beden aldÄ±m, armut vÃ¼cut tipliyim, olmayabilir diye tereddÃ¼t ettim ama tam oldu ne sÄ±ktÄ± ne bol durdu. Ãœzerimde duruÅŸunu Ã§ok sevdim. Kargo hÄ±zlÄ±ydÄ±. Tek sÄ±kÄ±ntÄ± rengi.. GÃ¶rseldeki gibi canlÄ± deÄŸil soluk, aÃ§Ä±k bir bordo onun dÄ±ÅŸÄ±nda her ÅŸeyiyle gÃ¼zel bir elbise.",TRENDYOLMÄ°LLA Bordo Kemerli Ceket Mini DÃ¼ÄŸme DetaylÄ± Dokuma Elbise TWOAW20EL1156
02 Åubat 2024,Bilgi mevcut deÄŸil,Bilgi mevcut deÄŸil,Beden: 38,164 boy 57 kilo m beden aldÄ±m ne dar ne geniÅŸ oldu. yumuÅŸak bir kumaÅŸÄ± var. tavsiye ederim,TRENDYOLMÄ°LLA Bordo Kemerli Ceket Mini DÃ¼ÄŸme DetaylÄ± Dokuma Elbise TWOAW20EL1156
30 KasÄ±m 2023,Boy: 155cm,Kilo: 58kg,Beden: 38,urun tam bana gore 155 boy m beden tam. kqrgo hizli,TRENDYOLMÄ°LLA Bordo Kemerli Ceket Mini DÃ¼ÄŸme DetaylÄ± Dokuma Elbise TWOAW20EL1156
29 KasÄ±m 2023,Bilgi mevcut deÄŸil,Bilgi mevcut deÄŸil,Beden: 38,"BayÄ±ldÄ±m, Ã§ok gÃ¼zel. 160cm 56 kg M beden tam oldu. HÄ±zlÄ± kargo hÄ±zlÄ± teslimat",TRENDYOLMÄ°LLA Bordo Kemerli Ceket Mini DÃ¼ÄŸme DetaylÄ± Dokuma Elbise TWOAW20EL1156
20 KasÄ±m 2023,Boy: 165cm,Kilo: 68kg,Beden: 42,gÃ¶ÄŸÃ¼s kÄ±smÄ± bÃ¼yÃ¼k olanlar 1 beden bÃ¼yÃ¼k alsÄ±n boy.170 kg 72 beden 42,TRENDYOLMÄ°LLA Bordo Kemerli Ceket Mini DÃ¼ÄŸme DetaylÄ± Dokuma Elbise TWOAW20EL1156
31 Ekim 2023,Boy: 160cm,Kilo: 57kg,Beden: 38,Model olarak gÃ¼zel kendi bedenibizde almalÄ±sÄ±nÄ±z ama biraz ÅŸiÅŸman gÃ¶steriyor beni modelinden sanÄ±rÄ±m,TRENDYOLMÄ°LLA Bordo Kemerli Ceket Mini DÃ¼ÄŸme DetaylÄ± Dokuma Elbise TWOAW20EL1156
09 Mart 2025,Boy: 168cm,Kilo: 72kg,Beden: 42,spor ve ÅŸÄ±k bedeninizi alÄ±n tam kalÄ±p rengi gorseldeko gibi,TRENDYOLMÄ°LLA Bordo Kemerli Ceket Mini DÃ¼ÄŸme DetaylÄ± Dokuma Elbise TWOAW20EL1156
21 Ocak 2025,Bilgi mevcut deÄŸil,Bilgi mevcut deÄŸil,Beden: 42,zkargo harika hÄ±zlÄ± idi elbise Ã§ok gÃ¼zel bir beden bÃ¼yÃ¼k aldÄ±m tama oldu,TRENDYOLMÄ°LLA Bordo Kemerli Ceket Mini DÃ¼ÄŸme DetaylÄ± Dokuma Elbise TWOAW20EL1156
16 Ocak 2025,Boy: 168cm,Kilo: 78kg,Beden: 42,elbise Ã§ok gÃ¼zel ama yÄ±kayÄ±nca Ã§ekti. Bir beden bÃ¼yÃ¼k alÄ±nmalÄ±,TRENDYOLMÄ°LLA Bordo Kemerli Ceket Mini DÃ¼ÄŸme DetaylÄ± Dokuma Elbise TWOAW20EL1156
14 AralÄ±k 2024,Bilgi mevcut deÄŸil,Bilgi mevcut deÄŸil,Beden: 38,"Elbise gÃ¼zel ama bol oldu, maalesef iade edeceÄŸim .",TRENDYOLMÄ°LLA Bordo Kemerli Ceket Mini DÃ¼ÄŸme DetaylÄ± Dokuma Elbise TWOAW20EL1156
10 AralÄ±k 2024,Boy: 159cm,Kilo: 75kg,Beden: 40,harika bir elbise kÃ¼Ã§Ã¼k geldi iade edip bÃ¼yÃ¼ÄŸÃ¼nÃ¼ istedim,TRENDYOLMÄ°LLA Bordo Kemerli Ceket Mini DÃ¼ÄŸme DetaylÄ± Dokuma Elbise TWOAW20EL1156
10 AralÄ±k 2024,Boy: 172cm,Kilo: 70kg,Beden: 42,KumaÅŸÄ± modeli rengi harika bir elbise,TRENDYOLMÄ°LLA Bordo Kemerli Ceket Mini DÃ¼ÄŸme DetaylÄ± Dokuma Elbise TWOAW20EL1156
29 KasÄ±m 2024,Bilgi mevcut deÄŸil,Bilgi mevcut deÄŸil,size: 40,Ä°lk yÄ±kama sonrasÄ± inanÄ±lmaz soldu giyilemeyecek kadar,TRENDYOLMÄ°LLA Bordo Kemerli Ceket Mini DÃ¼ÄŸme DetaylÄ± Dokuma Elbise TWOAW20EL1156
21 Ekim 2024,Boy: 162cm,Kilo: 54kg,size: 38,Yorumlara bakarak bir beden bÃ¼yÃ¼k aldÄ±m bol oldu bence tam kalÄ±p,TRENDYOLMÄ°LLA Bordo Kemerli Ceket Mini DÃ¼ÄŸme DetaylÄ± Dokuma Elbise TWOAW20EL1156
21 Ekim 2024,Bilgi mevcut deÄŸil,Bilgi mevcut deÄŸil,size: 40,"Ã§ok ÅŸÄ±k ve kaliteli mini elbise ,tam Ã¶lÃ§Ã¼ alÄ±nmasÄ± gerekir .",TRENDYOLMÄ°LLA Bordo Kemerli Ceket Mini DÃ¼ÄŸme DetaylÄ± Dokuma Elbise TWOAW20EL1156
17 Ekim 2024,Boy: 156cm,Kilo: 51kg,size: 38,Kemersiz gÃ¶ndermiÅŸler,TRENDYOLMÄ°LLA Bordo Kemerli Ceket Mini DÃ¼ÄŸme DetaylÄ± Dokuma Elbise TWOAW20EL1156
09 Ekim 2024,Bilgi mevcut deÄŸil,Bilgi mevcut deÄŸil,Beden: 38,Renk Ã§ok gÃ¼zel ama kollar hoÅŸ durmadÄ±. Ä°ade,TRENDYOLMÄ°LLA Bordo Kemerli Ceket Mini DÃ¼ÄŸme DetaylÄ± Dokuma Elbise TWOAW20EL1156
01 Ekim 2024,Bilgi mevcut deÄŸil,Bilgi mevcut deÄŸil,Beden: 38,Ã§ok gÃ¼zel duruyor,TRENDYOLMÄ°LLA Bordo Kemerli Ceket Mini DÃ¼ÄŸme DetaylÄ± Dokuma Elbise TWOAW20EL1156
15 EylÃ¼l 2024,Boy: 167cm,Kilo: 57kg,Beden: 34,Bunu iade ettim ben ya. Yani ÅŸuan hatÄ±rlayamadÄ±m,TRENDYOLMÄ°LLA Bordo Kemerli Ceket Mini DÃ¼ÄŸme DetaylÄ± Dokuma Elbise TWOAW20EL1156
09 AÄŸustos 2024,Bilgi mevcut deÄŸil,Bilgi mevcut deÄŸil,Beden: 40,"Rengi atmÄ±ÅŸ, kemer yok yani trendyolmilladan beklenmeyecek bir Ã¼rÃ¼n iade ettim",TRENDYOLMÄ°LLA Bordo Kemerli Ceket Mini DÃ¼ÄŸme DetaylÄ± Dokuma Elbise TWOAW20EL1156
25 Temmuz 2024,Bilgi mevcut deÄŸil,Bilgi mevcut deÄŸil,Beden: 40,Ã§ok beÄŸendik bÄ±r beden bÃ¼yÃ¼k alÄ±nabilir,TRENDYOLMÄ°LLA Bordo Kemerli Ceket Mini DÃ¼ÄŸme DetaylÄ± Dokuma Elbise TWOAW20EL1156
13 Temmuz 2024,Boy: 160cm,Kilo: 55kg,Beden: 36,Daha Ã¶nce yeÅŸilini aldÄ±m. KÄ±ÅŸÄ±n ve sonbahar iÃ§in.Bedeninize gÃ¶nder alÄ±n.,TRENDYOLMÄ°LLA Bordo Kemerli Ceket Mini DÃ¼ÄŸme DetaylÄ± Dokuma Elbise TWOAW20EL1156
07 Haziran 2024,Boy: 176cm,Kilo: 70kg,Beden: 40,Ã§ok gÃ¼zel ve rahat oversÄ±ze Ã¼rÃ¼n,TRENDYOLMÄ°LLA Bordo Kemerli Ceket Mini DÃ¼ÄŸme DetaylÄ± Dokuma Elbise TWOAW20EL1156
22 MayÄ±s 2024,Boy: 167cm,Kilo: 59kg,Beden: 38,BayÄ±ldÄ±m harika bir elbise...,TRENDYOLMÄ°LLA Bordo Kemerli Ceket Mini DÃ¼ÄŸme DetaylÄ± Dokuma Elbise TWOAW20EL1156
14 MayÄ±s 2024,Boy: 163cm,Kilo: 53kg,Beden: 36,Ä°ndirimdeyken almÄ±ÅŸtÄ±m.Rengi Ã§ok gÃ¼zel .BeÄŸenerek giyorum.,TRENDYOLMÄ°LLA Bordo Kemerli Ceket Mini DÃ¼ÄŸme DetaylÄ± Dokuma Elbise TWOAW20EL1156
14 MayÄ±s 2024,Bilgi mevcut deÄŸil,Bilgi mevcut deÄŸil,Beden: 42,biraz k8sa ama beklentimi karÅŸÄ±ladÄ±,TRENDYOLMÄ°LLA Bordo Kemerli Ceket Mini DÃ¼ÄŸme DetaylÄ± Dokuma Elbise TWOAW20EL1156
04 MayÄ±s 2024,Boy: 150cm,Kilo: 44kg,Beden: 34,Ben bu kadar iyi olacaÄŸÄ±nÄ± beklemiyordum ğŸ¤© Boyum 150 kilo 44 tam oturdu. KollarÄ± abartÄ±lÄ±da durmadÄ±. Ã‡ok hoÅŸ durdu. KumaÅŸÄ± kalÄ±n. Tavsiye ederim ğŸ˜ğŸ˜,TRENDYOLMÄ°LLA Bordo Kemerli Ceket Mini DÃ¼ÄŸme DetaylÄ± Dokuma Elbise TWOAW20EL1156
18 Nisan 2024,Boy: 175cm,Kilo: 85kg,Beden: 42,Elbise Ã§ok gÃ¼zeldi ama 174 boy 82 kiloyum 42 bedeni dar geldi iade ettim,TRENDYOLMÄ°LLA Bordo Kemerli Ceket Mini DÃ¼ÄŸme DetaylÄ± Dokuma Elbise TWOAW20EL1156
15 Nisan 2024,Bilgi mevcut deÄŸil,Bilgi mevcut deÄŸil,Beden: 38,Ã‡ok gÃ¼zel kalÄ±n ve tok bir kumaÅŸÄ± varğŸ¤Œ,TRENDYOLMÄ°LLA Bordo Kemerli Ceket Mini DÃ¼ÄŸme DetaylÄ± Dokuma Elbise TWOAW20EL1156
09 Nisan 2024,Bilgi mevcut deÄŸil,Bilgi mevcut deÄŸil,Beden: 42,cok begendim,TRENDYOLMÄ°LLA Bordo Kemerli Ceket Mini DÃ¼ÄŸme DetaylÄ± Dokuma Elbise TWOAW20EL1156
06 Nisan 2024,Boy: 158cm,Kilo: 52kg,Beden: 36,duruÅŸu Ã§ok gÃ¼zel. kumaÅŸÄ± kalÄ±n ama dokusu yumuÅŸak. Bana rengi soluk geldi. canlÄ± renk sevdiÄŸimden iade,TRENDYOLMÄ°LLA Bordo Kemerli Ceket Mini DÃ¼ÄŸme DetaylÄ± Dokuma Elbise TWOAW20EL1156
14 Mart 2024,Bilgi mevcut deÄŸil,Bilgi mevcut deÄŸil,Beden: 42,Bedeni Ã§ok gÃ¼zel oldu sadece rengi biraz soluk gibi geldi bana,TRENDYOLMÄ°LLA Bordo Kemerli Ceket Mini DÃ¼ÄŸme DetaylÄ± Dokuma Elbise TWOAW20EL1156
14 Mart 2024,Boy: 158cm,Kilo: 54kg,Beden: 36,AslÄ±nda Ã§ok beÄŸendim Ã§ok gÃ¼zel ama 54 kiloyum 36 beden aldÄ±m dar geldi azÄ±cÄ±k. bir kere yÄ±kansa daha Ã§ok daralÄ±r. 38 beden ile deÄŸiÅŸtireceÄŸim,TRENDYOLMÄ°LLA Bordo Kemerli Ceket Mini DÃ¼ÄŸme DetaylÄ± Dokuma Elbise TWOAW20EL1156
29 Åubat 2024,Boy: 167cm,Kilo: 50kg,Beden: 36,guzel urun teshekkur ederim. kalibi kucuk diyil tam beden ala bilirsiniz,TRENDYOLMÄ°LLA Bordo Kemerli Ceket Mini DÃ¼ÄŸme DetaylÄ± Dokuma Elbise TWOAW20EL1156
27 Åubat 2024,Boy: 160cm,Kilo: 53kg,Beden: 38,bayidim kalitesi efsane Ã§ok zarif,TRENDYOLMÄ°LLA Bordo Kemerli Ceket Mini DÃ¼ÄŸme DetaylÄ± Dokuma Elbise TWOAW20EL1156
25 Åubat 2024,Bilgi mevcut deÄŸil,Bilgi mevcut deÄŸil,Beden: 40,FotoÄŸraftaki kadar canlÄ± bir renk deÄŸil ama gÃ¼zel. Krem ve kahvede beden olmadÄ±ÄŸÄ± iÃ§in bunu tercih ettim gÃ¼zel bir Ã¼rÃ¼n. Kesinlikle bir beden bÃ¼yÃ¼k alÄ±nmalÄ±. 38 bedenim normalde 40 aldÄ±m gÃ¶ÄŸÃ¼s tam kapandÄ±.,TRENDYOLMÄ°LLA Bordo Kemerli Ceket Mini DÃ¼ÄŸme DetaylÄ± Dokuma Elbise TWOAW20EL1156
20 Åubat 2024,Bilgi mevcut deÄŸil,Bilgi mevcut deÄŸil,Beden: 42,Ya rengi modeli tam istediÄŸim gibi bedeni dar oldu ben mi kilo aldÄ±m kalÄ±p mÄ± kÃ¼Ã§Ã¼k bilmiyorum da curve de bu renk bÃ¼yÃ¼k Ã§alÄ±ÅŸÄ±lsa,TRENDYOLMÄ°LLA Bordo Kemerli Ceket Mini DÃ¼ÄŸme DetaylÄ± Dokuma Elbise TWOAW20EL1156
15 Åubat 2024,Boy: 169cm,Kilo: 44kg,Beden: 36,"Elbiseyi beÄŸendim, istediÄŸim gibi, ancak 36 beden sipariÅŸ etmiÅŸdim 38 beden gÃ¶ndermiÅŸler. Normalda 36 beden bile bana biraz bÃ¼yÃ¼k olur ancan 38 beden bile 36 beden gibi oldu. KalÄ±bÄ± dar ona gÃ¶re alÄ±n",TRENDYOLMÄ°LLA Bordo Kemerli Ceket Mini DÃ¼ÄŸme DetaylÄ± Dokuma Elbise TWOAW20EL1156
10 Åubat 2024,Bilgi mevcut deÄŸil,Bilgi mevcut deÄŸil,Beden: 38,"Rengini ve kalÄ±bÄ±nÄ± Ã§ok beÄŸendim, kendi bedeninizi alabilirsiniz.",TRENDYOLMÄ°LLA Bordo Kemerli Ceket Mini DÃ¼ÄŸme DetaylÄ± Dokuma Elbise TWOAW20EL1156
09 Åubat 2024,Bilgi mevcut deÄŸil,Bilgi mevcut deÄŸil,Beden: 38,"Ã‡ok beÄŸendim, tam oldu.",TRENDYOLMÄ°LLA Bordo Kemerli Ceket Mini DÃ¼ÄŸme DetaylÄ± Dokuma Elbise TWOAW20EL1156
05 Åubat 2024,Boy: 179cm,Kilo: 77kg,Beden: 42,gÃ¶rselde ki renk gibi canlÄ± deÄŸil daha soluk bir renkte Ã¼rÃ¼n geldi maalesef,TRENDYOLMÄ°LLA Bordo Kemerli Ceket Mini DÃ¼ÄŸme DetaylÄ± Dokuma Elbise TWOAW20EL1156
28 AralÄ±k 2023,Boy: 153cm,Kilo: 54kg,Beden: 40,"Ã‡ok gÃ¼zel elbiseğŸ˜ KumaÅŸÄ± gayet kaliteli sonbahar-kÄ±ÅŸ iÃ§in ideal. 153cm 54kg bir beden bÃ¼yÃ¼k aldÄ±m yorumlara bakarak. Ama M da gayet iyi olurmuÅŸ, sorun deÄŸil boy olarak iyi durdu L beden.",TRENDYOLMÄ°LLA Bordo Kemerli Ceket Mini DÃ¼ÄŸme DetaylÄ± Dokuma Elbise TWOAW20EL1156
26 AralÄ±k 2023,Bilgi mevcut deÄŸil,Bilgi mevcut deÄŸil,Beden: 42,Bedenimde aldÄ±m ama Ã‡ok dar geldi o yÃ¼zden iade ettim,TRENDYOLMÄ°LLA Bordo Kemerli Ceket Mini DÃ¼ÄŸme DetaylÄ± Dokuma Elbise TWOAW20EL1156
21 AralÄ±k 2023,Bilgi mevcut deÄŸil,Bilgi mevcut deÄŸil,Beden: 38,Kaliteli ÅÄ±k Rahat... YeÅŸilini almÄ±stÄ±m. Memnun kaldÄ±m. Bu renginide aldÄ±m.,TRENDYOLMÄ°LLA Bordo Kemerli Ceket Mini DÃ¼ÄŸme DetaylÄ± Dokuma Elbise TWOAW20EL1156
20 AralÄ±k 2023,Bilgi mevcut deÄŸil,Bilgi mevcut deÄŸil,Beden: 38,bayilaraq geyinirem,TRENDYOLMÄ°LLA Bordo Kemerli Ceket Mini DÃ¼ÄŸme DetaylÄ± Dokuma Elbise TWOAW20EL1156
12 AralÄ±k 2023,Boy: 183cm,Kilo: 92kg,Beden: 36,ÃœrÃ¼n Ã§ok gÃ¼zel eÅŸime aldÄ±m. Ã‡ok beÄŸendi.,TRENDYOLMÄ°LLA Bordo Kemerli Ceket Mini DÃ¼ÄŸme DetaylÄ± Dokuma Elbise TWOAW20EL1156
01 AralÄ±k 2023,Boy: 168cm,Kilo: 62kg,Beden: 38,rengi sanki yÄ±llarca giyilmis gÃ¼neÅŸte durmuÅŸ da solmuÅŸ gibi. bu para etmez.,TRENDYOLMÄ°LLA Bordo Kemerli Ceket Mini DÃ¼ÄŸme DetaylÄ± Dokuma Elbise TWOAW20EL1156
28 KasÄ±m 2023,Boy: 160cm,Kilo: 52kg,Beden: 38,YeÅŸil olanÄ± da almÄ±ÅŸtÄ±m Ã§ok gÃ¼zel,TRENDYOLMÄ°LLA Bordo Kemerli Ceket Mini DÃ¼ÄŸme DetaylÄ± Dokuma Elbise TWOAW20EL1156
26 KasÄ±m 2023,Bilgi mevcut deÄŸil,Bilgi mevcut deÄŸil,Beden: 40,"yeÅŸil, kahve ve bu rengini de aldÄ±m. hepsi de harika â¤ï¸",TRENDYOLMÄ°LLA Bordo Kemerli Ceket Mini DÃ¼ÄŸme DetaylÄ± Dokuma Elbise TWOAW20EL1156
24 KasÄ±m 2023,Bilgi mevcut deÄŸil,Bilgi mevcut deÄŸil,Beden: 40,Rengi modeli Ã§ok gÃ¼zel,TRENDYOLMÄ°LLA Bordo Kemerli Ceket Mini DÃ¼ÄŸme DetaylÄ± Dokuma Elbise TWOAW20EL1156
24 KasÄ±m 2023,Bilgi mevcut deÄŸil,Bilgi mevcut deÄŸil,Beden: 42,"KalÄ±bÄ± Ã§ok dar ve kumaÅŸtan dolayÄ± da esneme payÄ± olmadÄ±ÄŸÄ± iÃ§in bedeninizi almayÄ±n. 42 aldÄ±m, gelen elbise ya 38 ya da maksimum 40 beden.",TRENDYOLMÄ°LLA Bordo Kemerli Ceket Mini DÃ¼ÄŸme DetaylÄ± Dokuma Elbise TWOAW20EL1156
22 KasÄ±m 2023,Boy: 181cm,Kilo: 83kg,Beden: 38,GÃ¶rÃ¼ldÃ¼ÄŸÃ¼ gibi Ã¼rÃ¼n deÄŸil Ã¼stelik geÃ§ geldi tavsiye etmiyorum ğŸ‘,TRENDYOLMÄ°LLA Bordo Kemerli Ceket Mini DÃ¼ÄŸme DetaylÄ± Dokuma Elbise TWOAW20EL1156
21 KasÄ±m 2023,Bilgi mevcut deÄŸil,Bilgi mevcut deÄŸil,Beden: 40,kalÄ±bÄ± dar,TRENDYOLMÄ°LLA Bordo Kemerli Ceket Mini DÃ¼ÄŸme DetaylÄ± Dokuma Elbise TWOAW20EL1156
14 Ocak 2025,Boy: 68cm,Kilo: 63kg,Beden: 42,beden Ã¶lÃ§Ã¼nÃ¼ze gÃ¶re almamÄ±zÄ± tavsiye ederim rahat geniÅŸ kesim,TRENDYOLMÄ°LLA Bordo Kemerli Ceket Mini DÃ¼ÄŸme DetaylÄ± Dokuma Elbise TWOAW20EL1156
14 AralÄ±k 2024,Boy: 172cm,Kilo: 65kg,Beden: 42,kesinlikle bÃ¼yÃ¼k almayin. tam kalip. boyu baya uzun. kumasi ve rengi guzel.,TRENDYOLMÄ°LLA Bordo Kemerli Ceket Mini DÃ¼ÄŸme DetaylÄ± Dokuma Elbise TWOAW20EL1156
18 KasÄ±m 2024,Bilgi mevcut deÄŸil,Bilgi mevcut deÄŸil,size: 38,3lbise ÅŸahane,TRENDYOLMÄ°LLA Bordo Kemerli Ceket Mini DÃ¼ÄŸme DetaylÄ± Dokuma Elbise TWOAW20EL1156
23 Ekim 2024,Boy: 164cm,Kilo: 50kg,size: 36,"Rengi soluk yorumlarÄ±nÄ± bilerek aldÄ±m, iyi ki de almÄ±ÅŸÄ±m gÃ¼zel duruyor",TRENDYOLMÄ°LLA Bordo Kemerli Ceket Mini DÃ¼ÄŸme DetaylÄ± Dokuma Elbise TWOAW20EL1156
21 Ekim 2024,Boy: 163cm,Kilo: 55kg,size: 36,Malesef kalite farkÄ± var renkler arasÄ±nda. YeÅŸilini bayÄ±larak giyiyorum hala,TRENDYOLMÄ°LLA Bordo Kemerli Ceket Mini DÃ¼ÄŸme DetaylÄ± Dokuma Elbise TWOAW20EL1156
08 Ekim 2024,Boy: 165cm,Kilo: 60kg,Beden: 38,DuruÅŸu Ã§ok gÃ¼zel 1.65 boy 60 kiloyum 38 beden aldÄ±m tam Ã¼stÃ¼ne oturdu.,TRENDYOLMÄ°LLA Bordo Kemerli Ceket Mini DÃ¼ÄŸme DetaylÄ± Dokuma Elbise TWOAW20EL1156
23 EylÃ¼l 2024,Boy: 172cm,Kilo: 60kg,Beden: 40,"BayÄ±ldÄ±m. Rengi dokusu boyu ideal. Boyum 1,72cm kilom 60kg M beden tam oldu. Elbisenin boyu dizimden sadece 2 parmak Ã¼stte.",TRENDYOLMÄ°LLA Bordo Kemerli Ceket Mini DÃ¼ÄŸme DetaylÄ± Dokuma Elbise TWOAW20EL1156
06 Nisan 2024,Boy: 155cm,Kilo: 50kg,Beden: 36,"36 beden aldÄ±m, armut vÃ¼cut tipliyim, olmayabilir diye tereddÃ¼t ettim ama tam oldu ne sÄ±ktÄ± ne bol durdu. Ãœzerimde duruÅŸunu Ã§ok sevdim. Kargo hÄ±zlÄ±ydÄ±. Tek sÄ±kÄ±ntÄ± rengi.. GÃ¶rseldeki gibi canlÄ± deÄŸil soluk, aÃ§Ä±k bir bordo onun dÄ±ÅŸÄ±nda her ÅŸeyiyle gÃ¼zel bir elbise.",TRENDYOLMÄ°LLA Bordo Kemerli Ceket Mini DÃ¼ÄŸme DetaylÄ± Dokuma Elbise TWOAW20EL1156
02 Åubat 2024,Bilgi mevcut deÄŸil,Bilgi mevcut deÄŸil,Beden: 38,164 boy 57 kilo m beden aldÄ±m ne dar ne geniÅŸ oldu. yumuÅŸak bir kumaÅŸÄ± var. tavsiye ederim,TRENDYOLMÄ°LLA Bordo Kemerli Ceket Mini DÃ¼ÄŸme DetaylÄ± Dokuma Elbise TWOAW20EL1156
30 KasÄ±m 2023,Boy: 155cm,Kilo: 58kg,Beden: 38,urun tam bana gore 155 boy m beden tam. kqrgo hizli,TRENDYOLMÄ°LLA Bordo Kemerli Ceket Mini DÃ¼ÄŸme DetaylÄ± Dokuma Elbise TWOAW20EL1156
29 KasÄ±m 2023,Bilgi mevcut deÄŸil,Bilgi mevcut deÄŸil,Beden: 38,"BayÄ±ldÄ±m, Ã§ok gÃ¼zel. 160cm 56 kg M beden tam oldu. HÄ±zlÄ± kargo hÄ±zlÄ± teslimat",TRENDYOLMÄ°LLA Bordo Kemerli Ceket Mini DÃ¼ÄŸme DetaylÄ± Dokuma Elbise TWOAW20EL1156
20 KasÄ±m 2023,Boy: 165cm,Kilo: 68kg,Beden: 42,gÃ¶ÄŸÃ¼s kÄ±smÄ± bÃ¼yÃ¼k olanlar 1 beden bÃ¼yÃ¼k alsÄ±n boy.170 kg 72 beden 42,TRENDYOLMÄ°LLA Bordo Kemerli Ceket Mini DÃ¼ÄŸme DetaylÄ± Dokuma Elbise TWOAW20EL1156
31 Ekim 2023,Boy: 160cm,Kilo: 57kg,Beden: 38,Model olarak gÃ¼zel kendi bedenibizde almalÄ±sÄ±nÄ±z ama biraz ÅŸiÅŸman gÃ¶steriyor beni modelinden sanÄ±rÄ±m,TRENDYOLMÄ°LLA Bordo Kemerli Ceket Mini DÃ¼ÄŸme DetaylÄ± Dokuma Elbise TWOAW20EL1156
09 Mart 2025,Boy: 168cm,Kilo: 72kg,Beden: 42,spor ve ÅŸÄ±k bedeninizi alÄ±n tam kalÄ±p rengi gorseldeko gibi,TRENDYOLMÄ°LLA Bordo Kemerli Ceket Mini DÃ¼ÄŸme DetaylÄ± Dokuma Elbise TWOAW20EL1156
21 Ocak 2025,Bilgi mevcut deÄŸil,Bilgi mevcut deÄŸil,Beden: 42,zkargo harika hÄ±zlÄ± idi elbise Ã§ok gÃ¼zel bir beden bÃ¼yÃ¼k aldÄ±m tama oldu,TRENDYOLMÄ°LLA Bordo Kemerli Ceket Mini DÃ¼ÄŸme DetaylÄ± Dokuma Elbise TWOAW20EL1156
16 Ocak 2025,Boy: 168cm,Kilo: 78kg,Beden: 42,elbise Ã§ok gÃ¼zel ama yÄ±kayÄ±nca Ã§ekti. Bir beden bÃ¼yÃ¼k alÄ±nmalÄ±,TRENDYOLMÄ°LLA Bordo Kemerli Ceket Mini DÃ¼ÄŸme DetaylÄ± Dokuma Elbise TWOAW20EL1156
14 AralÄ±k 2024,Bilgi mevcut deÄŸil,Bilgi mevcut deÄŸil,Beden: 38,"Elbise gÃ¼zel ama bol oldu, maalesef iade edeceÄŸim .",TRENDYOLMÄ°LLA Bordo Kemerli Ceket Mini DÃ¼ÄŸme DetaylÄ± Dokuma Elbise TWOAW20EL1156
10 AralÄ±k 2024,Boy: 159cm,Kilo: 75kg,Beden: 40,harika bir elbise kÃ¼Ã§Ã¼k geldi iade edip bÃ¼yÃ¼ÄŸÃ¼nÃ¼ istedim,TRENDYOLMÄ°LLA Bordo Kemerli Ceket Mini DÃ¼ÄŸme DetaylÄ± Dokuma Elbise TWOAW20EL1156
10 AralÄ±k 2024,Boy: 172cm,Kilo: 70kg,Beden: 42,KumaÅŸÄ± modeli rengi harika bir elbise,TRENDYOLMÄ°LLA Bordo Kemerli Ceket Mini DÃ¼ÄŸme DetaylÄ± Dokuma Elbise TWOAW20EL1156
29 KasÄ±m 2024,Bilgi mevcut deÄŸil,Bilgi mevcut deÄŸil,size: 40,Ä°lk yÄ±kama sonrasÄ± inanÄ±lmaz soldu giyilemeyecek kadar,TRENDYOLMÄ°LLA Bordo Kemerli Ceket Mini DÃ¼ÄŸme DetaylÄ± Dokuma Elbise TWOAW20EL1156
21 Ekim 2024,Boy: 162cm,Kilo: 54kg,size: 38,Yorumlara bakarak bir beden bÃ¼yÃ¼k aldÄ±m bol oldu bence tam kalÄ±p,TRENDYOLMÄ°LLA Bordo Kemerli Ceket Mini DÃ¼ÄŸme DetaylÄ± Dokuma Elbise TWOAW20EL1156
21 Ekim 2024,Bilgi mevcut deÄŸil,Bilgi mevcut deÄŸil,size: 40,"Ã§ok ÅŸÄ±k ve kaliteli mini elbise ,tam Ã¶lÃ§Ã¼ alÄ±nmasÄ± gerekir .",TRENDYOLMÄ°LLA Bordo Kemerli Ceket Mini DÃ¼ÄŸme DetaylÄ± Dokuma Elbise TWOAW20EL1156
17 Ekim 2024,Boy: 156cm,Kilo: 51kg,size: 38,Kemersiz gÃ¶ndermiÅŸler,TRENDYOLMÄ°LLA Bordo Kemerli Ceket Mini DÃ¼ÄŸme DetaylÄ± Dokuma Elbise TWOAW20EL1156
09 Ekim 2024,Bilgi mevcut deÄŸil,Bilgi mevcut deÄŸil,Beden: 38,Renk Ã§ok gÃ¼zel ama kollar hoÅŸ durmadÄ±. Ä°ade,TRENDYOLMÄ°LLA Bordo Kemerli Ceket Mini DÃ¼ÄŸme DetaylÄ± Dokuma Elbise TWOAW20EL1156
01 Ekim 2024,Bilgi mevcut deÄŸil,Bilgi mevcut deÄŸil,Beden: 38,Ã§ok gÃ¼zel duruyor,TRENDYOLMÄ°LLA Bordo Kemerli Ceket Mini DÃ¼ÄŸme DetaylÄ± Dokuma Elbise TWOAW20EL1156
15 EylÃ¼l 2024,Boy: 167cm,Kilo: 57kg,Beden: 34,Bunu iade ettim ben ya. Yani ÅŸuan hatÄ±rlayamadÄ±m,TRENDYOLMÄ°LLA Bordo Kemerli Ceket Mini DÃ¼ÄŸme DetaylÄ± Dokuma Elbise TWOAW20EL1156
09 AÄŸustos 2024,Bilgi mevcut deÄŸil,Bilgi mevcut deÄŸil,Beden: 40,"Rengi atmÄ±ÅŸ, kemer yok yani trendyolmilladan beklenmeyecek bir Ã¼rÃ¼n iade ettim",TRENDYOLMÄ°LLA Bordo Kemerli Ceket Mini DÃ¼ÄŸme DetaylÄ± Dokuma Elbise TWOAW20EL1156
25 Temmuz 2024,Bilgi mevcut deÄŸil,Bilgi mevcut deÄŸil,Beden: 40,Ã§ok beÄŸendik bÄ±r beden bÃ¼yÃ¼k alÄ±nabilir,TRENDYOLMÄ°LLA Bordo Kemerli Ceket Mini DÃ¼ÄŸme DetaylÄ± Dokuma Elbise TWOAW20EL1156
13 Temmuz 2024,Boy: 160cm,Kilo: 55kg,Beden: 36,Daha Ã¶nce yeÅŸilini aldÄ±m. KÄ±ÅŸÄ±n ve sonbahar iÃ§in.Bedeninize gÃ¶nder alÄ±n.,TRENDYOLMÄ°LLA Bordo Kemerli Ceket Mini DÃ¼ÄŸme DetaylÄ± Dokuma Elbise TWOAW20EL1156
07 Haziran 2024,Boy: 176cm,Kilo: 70kg,Beden: 40,Ã§ok gÃ¼zel ve rahat oversÄ±ze Ã¼rÃ¼n,TRENDYOLMÄ°LLA Bordo Kemerli Ceket Mini DÃ¼ÄŸme DetaylÄ± Dokuma Elbise TWOAW20EL1156
22 MayÄ±s 2024,Boy: 167cm,Kilo: 59kg,Beden: 38,BayÄ±ldÄ±m harika bir elbise...,TRENDYOLMÄ°LLA Bordo Kemerli Ceket Mini DÃ¼ÄŸme DetaylÄ± Dokuma Elbise TWOAW20EL1156
14 MayÄ±s 2024,Boy: 163cm,Kilo: 53kg,Beden: 36,Ä°ndirimdeyken almÄ±ÅŸtÄ±m.Rengi Ã§ok gÃ¼zel .BeÄŸenerek giyorum.,TRENDYOLMÄ°LLA Bordo Kemerli Ceket Mini DÃ¼ÄŸme DetaylÄ± Dokuma Elbise TWOAW20EL1156
14 MayÄ±s 2024,Bilgi mevcut deÄŸil,Bilgi mevcut deÄŸil,Beden: 42,biraz k8sa ama beklentimi karÅŸÄ±ladÄ±,TRENDYOLMÄ°LLA Bordo Kemerli Ceket Mini DÃ¼ÄŸme DetaylÄ± Dokuma Elbise TWOAW20EL1156
04 MayÄ±s 2024,Boy: 150cm,Kilo: 44kg,Beden: 34,Ben bu kadar iyi olacaÄŸÄ±nÄ± beklemiyordum ğŸ¤© Boyum 150 kilo 44 tam oturdu. KollarÄ± abartÄ±lÄ±da durmadÄ±. Ã‡ok hoÅŸ durdu. KumaÅŸÄ± kalÄ±n. Tavsiye ederim ğŸ˜ğŸ˜,TRENDYOLMÄ°LLA Bordo Kemerli Ceket Mini DÃ¼ÄŸme DetaylÄ± Dokuma Elbise TWOAW20EL1156
18 Nisan 2024,Boy: 175cm,Kilo: 85kg,Beden: 42,Elbise Ã§ok gÃ¼zeldi ama 174 boy 82 kiloyum 42 bedeni dar geldi iade ettim,TRENDYOLMÄ°LLA Bordo Kemerli Ceket Mini DÃ¼ÄŸme DetaylÄ± Dokuma Elbise TWOAW20EL1156
15 Nisan 2024,Bilgi mevcut deÄŸil,Bilgi mevcut deÄŸil,Beden: 38,Ã‡ok gÃ¼zel kalÄ±n ve tok bir kumaÅŸÄ± varğŸ¤Œ,TRENDYOLMÄ°LLA Bordo Kemerli Ceket Mini DÃ¼ÄŸme DetaylÄ± Dokuma Elbise TWOAW20EL1156
09 Nisan 2024,Bilgi mevcut deÄŸil,Bilgi mevcut deÄŸil,Beden: 42,cok begendim,TRENDYOLMÄ°LLA Bordo Kemerli Ceket Mini DÃ¼ÄŸme DetaylÄ± Dokuma Elbise TWOAW20EL1156
06 Nisan 2024,Boy: 158cm,Kilo: 52kg,Beden: 36,duruÅŸu Ã§ok gÃ¼zel. kumaÅŸÄ± kalÄ±n ama dokusu yumuÅŸak. Bana rengi soluk geldi. canlÄ± renk sevdiÄŸimden iade,TRENDYOLMÄ°LLA Bordo Kemerli Ceket Mini DÃ¼ÄŸme DetaylÄ± Dokuma Elbise TWOAW20EL1156
14 Mart 2024,Bilgi mevcut deÄŸil,Bilgi mevcut deÄŸil,Beden: 42,Bedeni Ã§ok gÃ¼zel oldu sadece rengi biraz soluk gibi geldi bana,TRENDYOLMÄ°LLA Bordo Kemerli Ceket Mini DÃ¼ÄŸme DetaylÄ± Dokuma Elbise TWOAW20EL1156
14 Mart 2024,Boy: 158cm,Kilo: 54kg,Beden: 36,AslÄ±nda Ã§ok beÄŸendim Ã§ok gÃ¼zel ama 54 kiloyum 36 beden aldÄ±m dar geldi azÄ±cÄ±k. bir kere yÄ±kansa daha Ã§ok daralÄ±r. 38 beden ile deÄŸiÅŸtireceÄŸim,TRENDYOLMÄ°LLA Bordo Kemerli Ceket Mini DÃ¼ÄŸme DetaylÄ± Dokuma Elbise TWOAW20EL1156
29 Åubat 2024,Boy: 167cm,Kilo: 50kg,Beden: 36,guzel urun teshekkur ederim. kalibi kucuk diyil tam beden ala bilirsiniz,TRENDYOLMÄ°LLA Bordo Kemerli Ceket Mini DÃ¼ÄŸme DetaylÄ± Dokuma Elbise TWOAW20EL1156
27 Åubat 2024,Boy: 160cm,Kilo: 53kg,Beden: 38,bayidim kalitesi efsane Ã§ok zarif,TRENDYOLMÄ°LLA Bordo Kemerli Ceket Mini DÃ¼ÄŸme DetaylÄ± Dokuma Elbise TWOAW20EL1156
25 Åubat 2024,Bilgi mevcut deÄŸil,Bilgi mevcut deÄŸil,Beden: 40,FotoÄŸraftaki kadar canlÄ± bir renk deÄŸil ama gÃ¼zel. Krem ve kahvede beden olmadÄ±ÄŸÄ± iÃ§in bunu tercih ettim gÃ¼zel bir Ã¼rÃ¼n. Kesinlikle bir beden bÃ¼yÃ¼k alÄ±nmalÄ±. 38 bedenim normalde 40 aldÄ±m gÃ¶ÄŸÃ¼s tam kapandÄ±.,TRENDYOLMÄ°LLA Bordo Kemerli Ceket Mini DÃ¼ÄŸme DetaylÄ± Dokuma Elbise TWOAW20EL1156
20 Åubat 2024,Bilgi mevcut deÄŸil,Bilgi mevcut deÄŸil,Beden: 42,Ya rengi modeli tam istediÄŸim gibi bedeni dar oldu ben mi kilo aldÄ±m kalÄ±p mÄ± kÃ¼Ã§Ã¼k bilmiyorum da curve de bu renk bÃ¼yÃ¼k Ã§alÄ±ÅŸÄ±lsa,TRENDYOLMÄ°LLA Bordo Kemerli Ceket Mini DÃ¼ÄŸme DetaylÄ± Dokuma Elbise TWOAW20EL1156
15 Åubat 2024,Boy: 169cm,Kilo: 44kg,Beden: 36,"Elbiseyi beÄŸendim, istediÄŸim gibi, ancak 36 beden sipariÅŸ etmiÅŸdim 38 beden gÃ¶ndermiÅŸler. Normalda 36 beden bile bana biraz bÃ¼yÃ¼k olur ancan 38 beden bile 36 beden gibi oldu. KalÄ±bÄ± dar ona gÃ¶re alÄ±n",TRENDYOLMÄ°LLA Bordo Kemerli Ceket Mini DÃ¼ÄŸme DetaylÄ± Dokuma Elbise TWOAW20EL1156
10 Åubat 2024,Bilgi mevcut deÄŸil,Bilgi mevcut deÄŸil,Beden: 38,"Rengini ve kalÄ±bÄ±nÄ± Ã§ok beÄŸendim, kendi bedeninizi alabilirsiniz.",TRENDYOLMÄ°LLA Bordo Kemerli Ceket Mini DÃ¼ÄŸme DetaylÄ± Dokuma Elbise TWOAW20EL1156
09 Åubat 2024,Bilgi mevcut deÄŸil,Bilgi mevcut deÄŸil,Beden: 38,"Ã‡ok beÄŸendim, tam oldu.",TRENDYOLMÄ°LLA Bordo Kemerli Ceket Mini DÃ¼ÄŸme DetaylÄ± Dokuma Elbise TWOAW20EL1156
05 Åubat 2024,Boy: 179cm,Kilo: 77kg,Beden: 42,gÃ¶rselde ki renk gibi canlÄ± deÄŸil daha soluk bir renkte Ã¼rÃ¼n geldi maalesef,TRENDYOLMÄ°LLA Bordo Kemerli Ceket Mini DÃ¼ÄŸme DetaylÄ± Dokuma Elbise TWOAW20EL1156
28 AralÄ±k 2023,Boy: 153cm,Kilo: 54kg,Beden: 40,"Ã‡ok gÃ¼zel elbiseğŸ˜ KumaÅŸÄ± gayet kaliteli sonbahar-kÄ±ÅŸ iÃ§in ideal. 153cm 54kg bir beden bÃ¼yÃ¼k aldÄ±m yorumlara bakarak. Ama M da gayet iyi olurmuÅŸ, sorun deÄŸil boy olarak iyi durdu L beden.",TRENDYOLMÄ°LLA Bordo Kemerli Ceket Mini DÃ¼ÄŸme DetaylÄ± Dokuma Elbise TWOAW20EL1156
26 AralÄ±k 2023,Bilgi mevcut deÄŸil,Bilgi mevcut deÄŸil,Beden: 42,Bedenimde aldÄ±m ama Ã‡ok dar geldi o yÃ¼zden iade ettim,TRENDYOLMÄ°LLA Bordo Kemerli Ceket Mini DÃ¼ÄŸme DetaylÄ± Dokuma Elbise TWOAW20EL1156
21 AralÄ±k 2023,Bilgi mevcut deÄŸil,Bilgi mevcut deÄŸil,Beden: 38,Kaliteli ÅÄ±k Rahat... YeÅŸilini almÄ±stÄ±m. Memnun kaldÄ±m. Bu renginide aldÄ±m.,TRENDYOLMÄ°LLA Bordo Kemerli Ceket Mini DÃ¼ÄŸme DetaylÄ± Dokuma Elbise TWOAW20EL1156
20 AralÄ±k 2023,Bilgi mevcut deÄŸil,Bilgi mevcut deÄŸil,Beden: 38,bayilaraq geyinirem,TRENDYOLMÄ°LLA Bordo Kemerli Ceket Mini DÃ¼ÄŸme DetaylÄ± Dokuma Elbise TWOAW20EL1156
12 AralÄ±k 2023,Boy: 183cm,Kilo: 92kg,Beden: 36,ÃœrÃ¼n Ã§ok gÃ¼zel eÅŸime aldÄ±m. Ã‡ok beÄŸendi.,TRENDYOLMÄ°LLA Bordo Kemerli Ceket Mini DÃ¼ÄŸme DetaylÄ± Dokuma Elbise TWOAW20EL1156
01 AralÄ±k 2023,Boy: 168cm,Kilo: 62kg,Beden: 38,rengi sanki yÄ±llarca giyilmis gÃ¼neÅŸte durmuÅŸ da solmuÅŸ gibi. bu para etmez.,TRENDYOLMÄ°LLA Bordo Kemerli Ceket Mini DÃ¼ÄŸme DetaylÄ± Dokuma Elbise TWOAW20EL1156
28 KasÄ±m 2023,Boy: 160cm,Kilo: 52kg,Beden: 38,YeÅŸil olanÄ± da almÄ±ÅŸtÄ±m Ã§ok gÃ¼zel,TRENDYOLMÄ°LLA Bordo Kemerli Ceket Mini DÃ¼ÄŸme DetaylÄ± Dokuma Elbise TWOAW20EL1156
26 KasÄ±m 2023,Bilgi mevcut deÄŸil,Bilgi mevcut deÄŸil,Beden: 40,"yeÅŸil, kahve ve bu rengini de aldÄ±m. hepsi de harika â¤ï¸",TRENDYOLMÄ°LLA Bordo Kemerli Ceket Mini DÃ¼ÄŸme DetaylÄ± Dokuma Elbise TWOAW20EL1156
24 KasÄ±m 2023,Bilgi mevcut deÄŸil,Bilgi mevcut deÄŸil,Beden: 40,Rengi modeli Ã§ok gÃ¼zel,TRENDYOLMÄ°LLA Bordo Kemerli Ceket Mini DÃ¼ÄŸme DetaylÄ± Dokuma Elbise TWOAW20EL1156
24 KasÄ±m 2023,Bilgi mevcut deÄŸil,Bilgi mevcut deÄŸil,Beden: 42,"KalÄ±bÄ± Ã§ok dar ve kumaÅŸtan dolayÄ± da esneme payÄ± olmadÄ±ÄŸÄ± iÃ§in bedeninizi almayÄ±n. 42 aldÄ±m, gelen elbise ya 38 ya da maksimum 40 beden.",TRENDYOLMÄ°LLA Bordo Kemerli Ceket Mini DÃ¼ÄŸme DetaylÄ± Dokuma Elbise TWOAW20EL1156
22 KasÄ±m 2023,Boy: 181cm,Kilo: 83kg,Beden: 38,GÃ¶rÃ¼ldÃ¼ÄŸÃ¼ gibi Ã¼rÃ¼n deÄŸil Ã¼stelik geÃ§ geldi tavsiye etmiyorum ğŸ‘,TRENDYOLMÄ°LLA Bordo Kemerli Ceket Mini DÃ¼ÄŸme DetaylÄ± Dokuma Elbise TWOAW20EL1156
21 KasÄ±m 2023,Bilgi mevcut deÄŸil,Bilgi mevcut deÄŸil,Beden: 40,kalÄ±bÄ± dar,TRENDYOLMÄ°LLA Bordo Kemerli Ceket Mini DÃ¼ÄŸme DetaylÄ± Dokuma Elbise TWOAW20EL1156
21 KasÄ±m 2023,Boy: 157cm,Kilo: 73kg,Beden: 40,gÃ¼zel beÄŸendim,TRENDYOLMÄ°LLA Bordo Kemerli Ceket Mini DÃ¼ÄŸme DetaylÄ± Dokuma Elbise TWOAW20EL1156
20 KasÄ±m 2023,Boy: 160cm,Kilo: 72kg,Beden: 40,Ã‡ok kalÄ±n taÅŸ gibi neredeyse iade,TRENDYOLMÄ°LLA Bordo Kemerli Ceket Mini DÃ¼ÄŸme DetaylÄ± Dokuma Elbise TWOAW20EL1156
19 KasÄ±m 2023,Boy: 161cm,Kilo: 65kg,Beden: 38,Ã‡ok ÅŸÄ±k ve rahat,TRENDYOLMÄ°LLA Bordo Kemerli Ceket Mini DÃ¼ÄŸme DetaylÄ± Dokuma Elbise TWOAW20EL1156
18 KasÄ±m 2023,Bilgi mevcut deÄŸil,Bilgi mevcut deÄŸil,Beden: 38,38 beden iki ayrÃ¼ renk aldÄ±m. biri tam oldu bordo olan dar geldi.,TRENDYOLMÄ°LLA Bordo Kemerli Ceket Mini DÃ¼ÄŸme DetaylÄ± Dokuma Elbise TWOAW20EL1156
18 KasÄ±m 2023,Boy: 173cm,Kilo: 60kg,Beden: 38,Bedenini Ã§ok iyi yapmÄ±ÅŸlar cepleri tam avcum kadar kÃ¼Ã§Ã¼k deÄŸil kalÃ§a kÄ±smÄ±nda kÃ¼ÅŸÃ¼k bi kabarÄ±klÄ±k var belin ince gÃ¶zÃ¼kmesini saÄŸlÄ±yo ğŸ‘ğŸ» bir beden bÃ¼yÃ¼k alÄ±nmasÄ±nÄ± Ã¶neririm,TRENDYOLMÄ°LLA Bordo Kemerli Ceket Mini DÃ¼ÄŸme DetaylÄ± Dokuma Elbise TWOAW20EL1156
18 KasÄ±m 2023,Boy: 153cm,Kilo: 50kg,Beden: 34,Ã‡oool gÃ¼zel elbisee bayÄ±ldÄ±m,TRENDYOLMÄ°LLA Bordo Kemerli Ceket Mini DÃ¼ÄŸme DetaylÄ± Dokuma Elbise TWOAW20EL1156
17 KasÄ±m 2023,Boy: 170cm,Kilo: 70kg,Beden: 40,kumaÅŸ kalÄ±nlÄ±ÄŸÄ± kot gbi ya da ceket gibi diyebilirim. sÄ±fÄ±r esneklik bu sebeple iade,TRENDYOLMÄ°LLA Bordo Kemerli Ceket Mini DÃ¼ÄŸme DetaylÄ± Dokuma Elbise TWOAW20EL1156
14 KasÄ±m 2023,Bilgi mevcut deÄŸil,Bilgi mevcut deÄŸil,Beden: 40,Fena deÄŸil,TRENDYOLMÄ°LLA Bordo Kemerli Ceket Mini DÃ¼ÄŸme DetaylÄ± Dokuma Elbise TWOAW20EL1156
13 KasÄ±m 2023,Bilgi mevcut deÄŸil,Bilgi mevcut deÄŸil,Beden: 36,kendi bedenimi almama raÄŸmen dapdar ve Ã§ok kÃ¶tÃ¼. 36 beden almÄ±ÅŸtÄ±m.,TRENDYOLMÄ°LLA Bordo Kemerli Ceket Mini DÃ¼ÄŸme DetaylÄ± Dokuma Elbise TWOAW20EL1156
11 KasÄ±m 2023,Boy: 165cm,Kilo: 62kg,Beden: 40,Model gÃ¼zel tam oldu renk gÃ¶rÃ¼ndÃ¼ÄŸÃ¼ gibi canlÄ± degil ama,TRENDYOLMÄ°LLA Bordo Kemerli Ceket Mini DÃ¼ÄŸme DetaylÄ± Dokuma Elbise TWOAW20EL1156
10 KasÄ±m 2023,Boy: 158cm,Kilo: 53kg,Beden: 36,KalÄ±n ve yumuÅŸak bir kumaÅŸÄ± var. Ben beÄŸendim. 36 beden aldÄ±m tam oldu. GÃ¶ÄŸÃ¼s kÄ±smÄ± bana az dar oldu ama kÃ¼Ã§Ã¼k gÃ¶ÄŸÃ¼slÃ¼lere Ã§ok rahat olur.,TRENDYOLMÄ°LLA Bordo Kemerli Ceket Mini DÃ¼ÄŸme DetaylÄ± Dokuma Elbise TWOAW20EL1156
08 KasÄ±m 2023,Boy: 160cm,Kilo: 59kg,Beden: 38,Ã‡ok ÅŸÄ±k bir elbise kendi bedeninizi alabilirsiniz,TRENDYOLMÄ°LLA Bordo Kemerli Ceket Mini DÃ¼ÄŸme DetaylÄ± Dokuma Elbise TWOAW20EL1156
25 Ekim 2023,Boy: 158cm,Kilo: 59kg,Beden: 36,Elbise Ã§ok hoÅŸ fakat yorumlarda bir beden bÃ¼yÃ¼k alÄ±n denildiÄŸi iÃ§in Ã¶yle yaptÄ±m ama hafif bol oldu kendi bedenimi alÄ±p deneyeceÄŸim,TRENDYOLMÄ°LLA Bordo Kemerli Ceket Mini DÃ¼ÄŸme DetaylÄ± Dokuma Elbise TWOAW20EL1156
24 Ekim 2023,Boy: 165cm,Kilo: 62kg,Beden: 40,elbise Ã§ok geÃ§ geldi alacak olanlar bunu dikkate alsÄ±n 62 kiloya 40 beden aldÄ±m biraz bol geldi sorun deÄŸil ama rengi gÃ¶rseldeki gibi canlÄ± deÄŸil Ã§ok soluk defalarca giyilmis rengi gitmiÅŸ gibi boyuda kÄ±sa deÄŸil 165 boyum yani bu fiyata deÄŸmez 469.99tl iadeyle uÄŸraÅŸmak istemediÄŸim iÃ§in gÃ¶ndermedim,TRENDYOLMÄ°LLA Bordo Kemerli Ceket Mini DÃ¼ÄŸme DetaylÄ± Dokuma Elbise TWOAW20EL1156
25 Åubat 2025,Bilgi mevcut deÄŸil,Bilgi mevcut deÄŸil,Beden: 42,Yorumlarda yazÄ±ldÄ±ÄŸÄ± gibi rengi aÅŸÄ±rÄ± farklÄ± ve soluk gelmedi.KalÄ±p olarak benim sÄ±rt geniÅŸliÄŸim fazla olduÄŸu iÃ§in bir beden bÃ¼yÃ¼k aldÄ±m tam oldu.Tek kÃ¶tÃ¼ yanÄ± yaka kÄ±smÄ± aÃ§Ä±k oraya bir tane daha dÃ¼ÄŸme diktirmem lazÄ±m,TRENDYOLMÄ°LLA Bordo Kemerli Ceket Mini DÃ¼ÄŸme DetaylÄ± Dokuma Elbise TWOAW20EL1156
11 Åubat 2025,Bilgi mevcut deÄŸil,Bilgi mevcut deÄŸil,Beden: 38,"BaÅŸarÄ±lÄ±, gayet ÅŸÄ±k ve kullanÄ±ÅŸlÄ±.",TRENDYOLMÄ°LLA Bordo Kemerli Ceket Mini DÃ¼ÄŸme DetaylÄ± Dokuma Elbise TWOAW20EL1156
09 Åubat 2025,Bilgi mevcut deÄŸil,Bilgi mevcut deÄŸil,Beden: 36,Bir yÄ±kamada Ã§ekti yazÄ±k kÃ¼Ã§Ã¼cÃ¼k kaldÄ± tavsiye etmiyorum,TRENDYOLMÄ°LLA Bordo Kemerli Ceket Mini DÃ¼ÄŸme DetaylÄ± Dokuma Elbise TWOAW20EL1156
26 Åubat 2024,Boy: 167cm,Kilo: 70kg,Beden: 42,ÃœrÃ¼n kalitesi gÃ¼zel ama kesinlikle bir beden bÃ¼yÃ¼k alÄ±n . 42 bedenim 42 aldÄ±m ama Ã§ok kÄ±sa ve dar geldi,TRENDYOLMÄ°LLA Bordo Kemerli Ceket Mini DÃ¼ÄŸme DetaylÄ± Dokuma Elbise TWOAW20EL1156
08 Åubat 2024,Bilgi mevcut deÄŸil,Bilgi mevcut deÄŸil,Beden: 36,Ã‡ok ÅŸÄ±k gÃ¼zel duruyor tam bedenimi aldÄ±m Ã§ok gÃ¼zel oldu fakat kumaÅŸÄ±n renk dÃ¶keceÄŸi belliydi yinede giyerim diye iade etmedim. ama Giymeden Ã¶nce her kÄ±yafet yÄ±kanmalÄ± diye soÄŸuk suyla biraz yumuÅŸatÄ±cÄ± ile elimde yikadÄ±m biraz onda bile renk verdi. yorumu yaptÄ±ÄŸÄ±m sÄ±rada hala kurumadÄ± kuruyunca rengi solmuÅŸ mu bakÄ±p yorumu guncellerim,TRENDYOLMÄ°LLA Bordo Kemerli Ceket Mini DÃ¼ÄŸme DetaylÄ± Dokuma Elbise TWOAW20EL1156
02 Åubat 2024,Bilgi mevcut deÄŸil,Bilgi mevcut deÄŸil,Beden: 38,1.70 boy 60 kg mÄ±m 38 beden tam oldu. Ä°nanÄ±lmaz gÃ¼zel bir kumaÅŸÄ± var bir de yÄ±kayÄ±nca rengi solmazsa alÄ±n aldÄ±rÄ±.,TRENDYOLMÄ°LLA Bordo Kemerli Ceket Mini DÃ¼ÄŸme DetaylÄ± Dokuma Elbise TWOAW20EL1156
31 Ocak 2024,Boy: 167cm,Kilo: 67kg,Beden: 40,aynÄ± elbisenin lacivert rengine gÃ¶re kalÄ±bÄ± daha dar. onun disinda kumaÅŸÄ± duruÅŸu harika mecbur iade bir bÃ¼yÃ¼k bedenini spari verecegim,TRENDYOLMÄ°LLA Bordo Kemerli Ceket Mini DÃ¼ÄŸme DetaylÄ± Dokuma Elbise TWOAW20EL1156
27 Ocak 2024,Bilgi mevcut deÄŸil,Bilgi mevcut deÄŸil,Beden: 36,Kemer tokasÄ± kÄ±rÄ±k kemer takÄ±lan yeri yÄ±rtÄ±k hiÃ§ kontrol edilmeden gÃ¶nderilmiÅŸ. Maalesef iade.,TRENDYOLMÄ°LLA Bordo Kemerli Ceket Mini DÃ¼ÄŸme DetaylÄ± Dokuma Elbise TWOAW20EL1156
26 AralÄ±k 2023,Boy: 160cm,Kilo: 58kg,Beden: 38,Elbise Ã§ok iyi,TRENDYOLMÄ°LLA Bordo Kemerli Ceket Mini DÃ¼ÄŸme DetaylÄ± Dokuma Elbise TWOAW20EL1156
21 AralÄ±k 2023,Boy: 165cm,Kilo: 70kg,Beden: 40,Guzel Ã§ok sevdim,TRENDYOLMÄ°LLA Bordo Kemerli Ceket Mini DÃ¼ÄŸme DetaylÄ± Dokuma Elbise TWOAW20EL1156
21 AralÄ±k 2023,Boy: 162cm,Kilo: 50kg,Beden: 36,GÃ¼zel elbise 167 boy 57 kilo iÃ§in 36 beden aldÄ±m biraz Ã§ekti. KumaÅŸÄ± da gÃ¼zel,TRENDYOLMÄ°LLA Bordo Kemerli Ceket Mini DÃ¼ÄŸme DetaylÄ± Dokuma Elbise TWOAW20EL1156
21 AralÄ±k 2023,Bilgi mevcut deÄŸil,Bilgi mevcut deÄŸil,Beden: 42,ÅŸahane duruyor,TRENDYOLMÄ°LLA Bordo Kemerli Ceket Mini DÃ¼ÄŸme DetaylÄ± Dokuma Elbise TWOAW20EL1156
15 AralÄ±k 2023,Bilgi mevcut deÄŸil,Bilgi mevcut deÄŸil,Beden: 40,Ã§ok gÃ¼zel fakat bana Ã§ok kÄ±sa oldu,TRENDYOLMÄ°LLA Bordo Kemerli Ceket Mini DÃ¼ÄŸme DetaylÄ± Dokuma Elbise TWOAW20EL1156
15 AralÄ±k 2023,Bilgi mevcut deÄŸil,Bilgi mevcut deÄŸil,Beden: 42,gÃ¼zel beÄŸendik,TRENDYOLMÄ°LLA Bordo Kemerli Ceket Mini DÃ¼ÄŸme DetaylÄ± Dokuma Elbise TWOAW20EL1156
10 AralÄ±k 2023,Bilgi mevcut deÄŸil,Bilgi mevcut deÄŸil,Beden: 36,Ã§ok gÃ¼zel bir elbise Ã§ok beÄŸendim tavsiye ederim rengide hoÅŸ,TRENDYOLMÄ°LLA Bordo Kemerli Ceket Mini DÃ¼ÄŸme DetaylÄ± Dokuma Elbise TWOAW20EL1156
07 AralÄ±k 2023,Boy: 160cm,Kilo: 60kg,Beden: 42,KumaÅŸÄ± Ã§ok kalÄ±n rengi gÃ¼zel tam beden alÄ±nabilir,TRENDYOLMÄ°LLA Bordo Kemerli Ceket Mini DÃ¼ÄŸme DetaylÄ± Dokuma Elbise TWOAW20EL1156
29 AralÄ±k 2024,Boy: 160cm,Kilo: 52kg,Beden: 34,KÄ±zlar elbise Ã§ok gÃ¼zel ama bence biraz kalÄ±bÄ± bÃ¼yÃ¼k. Boyum 1.58 kilom 52. 34 beden aldÄ±m beli sÄ±rtÄ± falan bol oldu. Terzide daralttÄ±rdÄ±m. Bir de askÄ± kÄ±smÄ±nÄ± diktirdim. Rahat ve Ã§ok ÅŸÄ±k duruyor. KumaÅŸÄ± da Ã§ok ince deÄŸil iÃ§ gÃ¶stermiyor.,TRENDYOLMÄ°LLA Siyah A-Kesim Fiyonk DetaylÄ± Dokuma ÅÄ±k Elbise TPRSS25EL00011
28 AralÄ±k 2024,Bilgi mevcut deÄŸil,Bilgi mevcut deÄŸil,Beden: 38,ÃœrÃ¼n gÃ¶rseldeki gibi tok durmuyor Ã¼stte. KumaÅŸÄ± esnek bir beden kÃ¼Ã§Ã¼k de alÄ±nabilir. Ã‡ok ince ve ucuz duruyor bu nedenle iade.,TRENDYOLMÄ°LLA Siyah A-Kesim Fiyonk DetaylÄ± Dokuma ÅÄ±k Elbise TPRSS25EL00011
23 AralÄ±k 2024,Bilgi mevcut deÄŸil,Bilgi mevcut deÄŸil,Beden: 34,ÃœrÃ¼nde hÄ±c yorum yoktu aldÄ±m ama mukemmel,TRENDYOLMÄ°LLA Siyah A-Kesim Fiyonk DetaylÄ± Dokuma ÅÄ±k Elbise TPRSS25EL00011
04 Åubat 2025,Bilgi mevcut deÄŸil,Bilgi mevcut deÄŸil,Beden: 46,midi boy deÄŸil baya uzun elbise ve yakasÄ± Ã§ok aÃ§Ä±k,Trendyol Curve Bordo Åifon Ã‡iÃ§ekli Uzun Kol Gipeli Midi Dokuma BÃ¼yÃ¼k Beden Elbise TBBSS25AH00026
02 Åubat 2025,Bilgi mevcut deÄŸil,Bilgi mevcut deÄŸil,Beden: 50,MÃ¼kemmel bir elbise alt karÄ±n probleminiz varsa direk gizliyor kesinlikle alÄ±n arkasÄ± lastikli olduÄŸu iÃ§in esneme payÄ± var ben iade Edip bir beden kÃ¼Ã§Ã¼ÄŸÃ¼nÃ¼ alacaÄŸÄ±m kesinlikle ve kesinlikle almalÄ±sÄ±nÄ±z kurtarÄ±cÄ± bir elbise,Trendyol Curve Bordo Åifon Ã‡iÃ§ekli Uzun Kol Gipeli Midi Dokuma BÃ¼yÃ¼k Beden Elbise TBBSS25AH00026
02 Åubat 2025,Boy: 165cm,Kilo: 80kg,Beden: 44,eÄŸer gÃ¶beÄŸiniz Ã§ok yoksa ve gÃ¶ÄŸsÃ¼nÃ¼z 90 uzeriyse gÃ¼zel olabilir. Ã§ok uzun (ayak bileÄŸi hizasÄ±nda neredeyse) ve Ã¶n kÄ±smÄ± Ã§ok aÃ§Ä±k duruyor. kilolu gÃ¶sterdi maalesef. iade edeceÄŸim,Trendyol Curve Bordo Åifon Ã‡iÃ§ekli Uzun Kol Gipeli Midi Dokuma BÃ¼yÃ¼k Beden Elbise TBBSS25AH00026
01 Åubat 2025,Boy: 170cm,Kilo: 90kg,Beden: 46,Daha kimse almamis resim yok diye yukluyorum bence guzel bir elbise sadece yaka kismi bana gore acik birde arkasi lastikli oldugu icin bana buyuk geldi kotu bir elbise degil ama bu para eder mi bilemedim,Trendyol Curve Bordo Åifon Ã‡iÃ§ekli Uzun Kol Gipeli Midi Dokuma BÃ¼yÃ¼k Beden Elbise TBBSS25AH00026
31 Ocak 2025,Boy: 165cm,Kilo: 115kg,Beden: 50,Elbise aslÄ±nda gÃ¼zel fakat iade edicem Ã§Ã¼nkÃ¼ yakasÄ± Ã§ok aÃ§Ä±k fazla dekolteli ve (boyum1.65) boyu uzun geldi daha kÄ±sa dÃ¼ÅŸÃ¼nmÃ¼ÅŸtÃ¼m,Trendyol Curve Bordo Åifon Ã‡iÃ§ekli Uzun Kol Gipeli Midi Dokuma BÃ¼yÃ¼k Beden Elbise TBBSS25AH00026
