Ürün Adı,Kumaş Tipi,Materyal,Kalıp,Kol Boyu,Persona,Kol Tipi,Desen,Yaka Tipi,Renk,Ürün Detayı,Cep,Koleksiyon,Astar Durumu,Boy,Siluet,Ortam,Dokuma Tipi,Baskı/Nakış Tekniği,Kemer/Kuşak Durumu,Sürdürülebilirlik Detayı,Paket İçeriği,Yaş,Sezon,Menşei,Üretici Bilgisi,Ek Özellik,Kapama Şekli,Kalınlık
TRENDYOLMİLLA Siyah Düz Dokulu Fitted/Vücuda Oturan Maxi Örme Elbise TWOAW25EL00097,Örme,Polyester Karışımlı,Slim,Uzun,Cool & Comfort,Standart Kol,Düz,Kayık Yaka,Siyah,Sırt Dekolteli,Cepsiz,Ramadan,Astarsız,Maxi,Bodycone,Casual/Günlük,Gofre,Baskısız,Kemersiz,Hayır,Tekli,Tüm Yaş Grupları,Kış,TR,DSM Grup Danışmanlık İletişim ve Satış Ticaret A.Ş.,,,
TRENDYOLMİLLA Siyah Kısa Kol Bodycone/Vücuda Oturan Bisiklet Yaka Esnek Örme Maxi Kalem Elbise TWOSS24EL00097,Örme,,Slim,Kısa,Fashion Forward,Standart Kol,Düz,Bisiklet Yaka,Siyah,,,Ramadan,Astarsız,Maxi,Bodycone,Casual/Günlük,Kalın Sandy,,,,,,,TR,DSM Grup Danışmanlık İletişim ve Satış Ticaret A.Ş.,,,
TRENDYOLMİLLA Mavi Cep Detaylı Mini Denim Gömlek Elbise TWOAW23EL00643,Denim,Denim,Slim,Uzun,Fashion Forward,Standart Kol,Düz,Gömlek Yaka,Mavi,,Cepsiz,,Astarsız,Kısa,Bodycone,Şık/Gece,Rigid,,Kemersiz,Hayır,,Tüm Yaş Grupları,Tüm Sezonlar,TR,DSM Grup Danışmanlık İletişim ve Satış Ticaret A.Ş.,Ek Özellik Mevcut Değil,,
TRENDYOLMİLLA Geometrik Desenli Maxi Dokuma Püsküllü Plaj Elbisesi TBESS24EL00166,Dokuma,Dokuma,Regular,Kısa,Cool & Comfort,Standart Kol,Geometrik,Hakim Yaka,Çok Renkli,,Cepsiz,,Astarsız,Midi,Skater,Beachwear,Mesh,,Kemersiz,Hayır,,Tüm Yaş Grupları,Yaz,TR,,,,
TRENDYOLMİLLA Siyah Fitted/Vücuda Oturan Askılı Maxi Esnek Örme Kalem Elbise TWOSS23EL02435,Örme,Elastan,Slim,Askılı,Fashion Forward,Standart Kol,Düz,Kare Yaka,Siyah,,Cepsiz,Ramadan,Astarsız,Maxi,Bodycone,Casual/Günlük,Kalın Sandy,Baskısız,Kemersiz,Hayır,Tekli,Tüm Yaş Grupları,,TR,DSM Grup Danışmanlık İletişim ve Satış Ticaret A.Ş.,,,
TRENDYOLMİLLA Siyah Düğme Detaylı Mini Dokuma Ceket Elbise TWOAW24EL00462,Dokuma,Polyester Karışımlı,Regular,Uzun,Office,Standart Kol,Düz,Ceket Yaka,Siyah,Düğmeli,Cepsiz,,Astarsız,Mini,Ceket Elbise,Business,Finike,Baskısız,Kemersiz,Hayır,Tekli,Tüm Yaş Grupları,Kış,TR,DSM Grup Danışmanlık İletişim ve Satış Ticaret A.Ş.,,Düğmeli,
TRENDYOLMİLLA Siyah Taş Detaylı Skater/Belden Açılan Kısa Kollu Mini Örme Kalem Elbise TWOAW24EL00395,Örme,,Slim,Kısa,Smart,Standart Kol,Düz,Bisiklet Yaka,Siyah,İncili,,,Astarsız,Mini,Bodycone,Gündüz / Gece,İnterlok,,,,,,İlkbahar / Sonbahar,TR,DSM Grup Danışmanlık İletişim ve Satış Ticaret A.Ş.,,,
TRENDYOLMİLLA Siyah A Kesim Mini Dokuma Elbise TWOAW25EL00192,Dokuma,Polyester Karışımlı,Regular,Kolsuz,Smart,Standart Kol,Düz,Bisiklet Yaka,Siyah,,Cepsiz,,Astarlı,Mini,A-line,Business,Finike,Baskısız,Kemersiz,Hayır,Tekli,Tüm Yaş Grupları,Tüm Sezonlar,TR,DSM Grup Danışmanlık İletişim ve Satış Ticaret A.Ş.,A Kesim,,
TRENDYOLMİLLA Pembe A-Kesim Dokuma Poplin Kısa Şık Abiye Elbise TPRSS24EL00038,Dokuma,Dokuma,Relaxed,Kısa,Feminine,Standart Kol,Düz,Carmen Yaka,Pembe,,Cepsiz,,Astarsız,Mini,Skater,Kokteyl,Poplin,,Kemersiz,Hayır,,Tüm Yaş Grupları,,TR,,,,
TRENDYOLMİLLA Siyah Düz Midi Vatkalı Drapeli Bodycone/Vücuda Oturan Esnek Elbise Örme Elbise TWOSS24EL00975,Örme,,Regular,Kolsuz,Smart,Ay Kol,Düz,Kayık Yaka,Siyah,,,Ramadan,Astarsız,Midi,Bodycone,Casual/Günlük,Kalın Sandy,,,Hayır,,,Yaz,TR,DSM Grup Danışmanlık İletişim ve Satış Ticaret A.Ş.,,,
TRENDYOLMİLLA Lacivert A-Kesim Saten Dokuma Şık Abiye & Mezuniyet Elbise TPRAW25EL00040,Dokuma,,Fitted,Askılı,Feminine,Standart Kol,Düz,Kare Yaka,Lacivert,,,Ramadan,Astarsız,Midi,Skater,Şık/Gece,Saten,,,,,,Kış,TR,DSM Grup Danışmanlık İletişim ve Satış Ticaret A.Ş.,Eteği Belden Açılan,,
TRENDYOLMİLLA Lacivert Maxi Triko Polo Yaka Elbise TWOSS24EL00282,Triko,Polyester,Regular,Kısa,Cool & Comfort,Standart Kol,Düz,Polo Yaka,Lacivert,,Cepsiz,Ramadan,Astarsız,Maxi,A-line,Casual/Günlük,Tek Plaka,Baskısız,Kemersiz,Hayır,Tekli,Tüm Yaş Grupları,İlkbahar / Sonbahar,TR,DSM Grup Danışmanlık İletişim ve Satış Ticaret A.Ş.,,,İnce
TRENDYOLMİLLA Siyah Yumuşak Kumaşlı Fitted/Vücuda Oturan Kısa Kollu Esnek Örme Mini Kalem Elbise TWOSS24EL00756,Örme,Polyester,Regular,Kısa,Cool & Comfort,Standart Kol,Düz,Bisiklet Yaka,Siyah,Lastikli,,Ramadan,Astarsız,Mini,Bodycone,Casual/Günlük,Lycra Pes Kumaş,,Kemersiz,Hayır,,Tüm Yaş Grupları,Yaz,TR,DSM Grup Danışmanlık İletişim ve Satış Ticaret A.Ş.,,,
Edit by Trendyol Siyah Vücuda Oturan Asimetrik Yaka Örme Kısa Elbise TEDAW25EL00006,Örme,Polyester,Fitted,Uzun,Fashion Forward,Standart Kol,Düz,Asimetrik Yaka,Siyah,,,,Astarsız,Mini,Bodycone,Kokteyl,Dalgıç/Scuba,,Kemersiz,Hayır,,Tüm Yaş Grupları,,TR,DSM Grup Danışmanlık İletişim ve Satış Ticaret A.Ş.,,,
TRENDYOLMİLLA Siyah Midi Triko Basic Carmen Yaka Elbise TWOAW25EL00033,Triko,,Regular,Uzun,Feminine,Standart Kol,Düz,Carmen Yaka,Siyah,,,,Astarsız,Midi,Shift,Casual/Günlük,Tek Plaka,,,,,,,TR,DSM Grup Danışmanlık İletişim ve Satış Ticaret A.Ş.,,,Orta
TRENDYOLMİLLA Yeşil Vücudu Saran Kuşgözü Detaylı Yırtmaçlı Kare Yaka Midi Kalem Etek Dokuma Elbise TWOSS19EL0079,Dokuma,Polyester Karışımlı,Slim,Askılı,Smart,Standart Kol,Düz,Kare Yaka,Yeşil,Yırtmaçlı,Cepsiz,,Astarsız,Midi,Bodycone,Gündüz / Gece,Finike,,Kemersiz,Hayır,Tekli,Tüm Yaş Grupları,,TR,DSM Grup Danışmanlık İletişim ve Satış Ticaret A.Ş.,Vücudu Saran,,
TRENDYOLMİLLA Ekru Mini Triko Çizgili Elbise TWOSS24EL01041,Triko,%100 Pamuk,Regular,Kısa,Cool & Comfort,Standart Kol,Çizgili,Bisiklet Yaka,Ekru,,Cepsiz,,Astarsız,Mini,Shift,Casual/Günlük,Tek Plaka,,Kemersiz,Hayır,,Tüm Yaş Grupları,,TR,,,,İnce
TRENDYOLMİLLA Yağ Yeşili A Kesim Cut Out ve Aksesuar Detaylı Midi Dokuma Krep Elbise TWOSS25EL00017,Dokuma,,Regular,Kolsuz,Feminine,Standart Kol,Düz,Bisiklet Yaka,Yeşil,Cut outlı,,Basic,Astarsız,Midi,A-line,Gündüz / Gece,Krep,,,,,,Yaz,TR,DSM Grup Danışmanlık İletişim ve Satış Ticaret A.Ş.,A Kesim,,
TRENDYOLMİLLA Beyaz Yumuşak Kumaşlı Fitted/Vücuda Oturan Kısa Kollu Esnek Örme Mini Kalem Elbise TWOSS24EL00756,Örme,Polyester,Regular,Kısa,Cool & Comfort,Standart Kol,Düz,Bisiklet Yaka,Beyaz,Lastikli,,Ramadan,Astarsız,Mini,Bodycone,Casual/Günlük,Lycra Pes Kumaş,,Kemersiz,Hayır,,Tüm Yaş Grupları,Yaz,TR,DSM Grup Danışmanlık İletişim ve Satış Ticaret A.Ş.,,,
TRENDYOLMİLLA Ekru Çiçek Desenli A-Kesim Fırfır Detaylı Astarlı Şifon Maxi Dokuma Elbise TWOSS23EL02013,Dokuma,Polyester,Regular,Askılı,Feminine,Standart Kol,Çiçekli,V Yaka,Ekru,Fırfırlı,Cepsiz,,Astarlı,Maxi,Skater,Gündüz / Gece,Şifon,Baskısız,Kemersiz,Hayır,Tekli,Tüm Yaş Grupları,Yaz,TR,DSM Grup Danışmanlık İletişim ve Satış Ticaret A.Ş.,Eteği Belden Açılan,,
TRENDYOLMİLLA Siyah Volanlı Kare Yaka Fitted/Vücuda Oturan Maxi Esnek Örme Elbise TWOAW24EL00613,Örme,Polyester Karışımlı,Slim,Uzun,Smart,Standart Kol,Düz,Kare Yaka,Siyah,,Cepsiz,Ramadan,Astarsız,Maxi,Bodycone,Gündüz / Gece,Kalın Sandy,Baskısız,Kemersiz,Hayır,Tekli,Tüm Yaş Grupları,,TR,DSM Grup Danışmanlık İletişim ve Satış Ticaret A.Ş.,,,
TRENDYOLMİLLA Kahverengi Dokulu Kumaş Dik Yaka Vücuda Oturan Esnek Maxi Örme Elbise TWOSS25EL00163,Örme,,Regular,Kolsuz,Cool & Comfort,Standart Kol,Düz,Dik Yaka,Kahverengi,,,Ramadan,Astarsız,Maxi,Bodycone,Casual/Günlük,Dokulu,,,Hayır,,,,TR,DSM Grup Danışmanlık İletişim ve Satış Ticaret A.Ş.,,,
TRENDYOLMİLLA Kahverengi Fitted/Vücuda Oturan Askılı Maxi Esnek Örme Kalem Elbise TWOSS23EL02435,Örme,Elastan,Slim,Askılı,Fashion Forward,Standart Kol,Düz,Kare Yaka,Kahverengi,,Cepsiz,Ramadan,Astarsız,Maxi,Bodycone,Casual/Günlük,Kalın Sandy,Baskısız,Kemersiz,Hayır,Tekli,Tüm Yaş Grupları,,TR,DSM Grup Danışmanlık İletişim ve Satış Ticaret A.Ş.,,,
TRENDYOLMİLLA Yağ Yeşili Dokulu Kumaş Dik Yaka Vücuda Oturan Esnek Maxi Örme Elbise TWOSS25EL00163,Örme,,Regular,Kolsuz,Cool & Comfort,Standart Kol,Düz,Dik Yaka,Yeşil,,,Ramadan,Astarsız,Maxi,Bodycone,Casual/Günlük,Dokulu,,,Hayır,,,,TR,DSM Grup Danışmanlık İletişim ve Satış Ticaret A.Ş.,,,
TRENDYOLMİLLA Limited Edition Yağ Yeşili Fırfır Detaylı Bodycone/Vücuda Oturan Mini Örme Elbise TWOSS25EL00591,Örme,,Slim,Kısa,Cool & Comfort,Standart Kol,Düz,Dik Yaka,Yeşil,Fırfırlı,,Ramadan,Astarsız,Mini,Eteği Fırfırlı,Casual/Günlük,Dokulu,,,,,,,TR,DSM Grup Danışmanlık İletişim ve Satış Ticaret A.Ş.,,,
TRENDYOLMİLLA Pembe Çizgili Kruvaze Yaka Midi Dokuma Elbise TWOSS23EL02233,Dokuma,%100 Pamuk,Regular,Kısa,Cool & Comfort,Balon Kol,Çizgili,Gömlek Yaka,Pembe,,,,Astarsız,Midi,Skater,Casual/Günlük,İpliği boyalı,,Kemersiz,Hayır,,Tüm Yaş Grupları,Yaz,TR,DSM Grup Danışmanlık İletişim ve Satış Ticaret A.Ş.,Eteği Belden Açılan,,
TRENDYOLMİLLA Siyah Kemerli Düz A Kesim Yarım Patlı Mini  Dokuma Elbise TWOSS25EL00551,Dokuma,,Regular,Kolsuz,Cool & Comfort,Büzgülü/Fırfırlı Kol,Düz,Gömlek Yaka,Siyah,Yarım Patlı,,,Astarsız,Mini,A-line,Casual/Günlük,Aerobin,,Kemerli,,,,,TR,DSM Grup Danışmanlık İletişim ve Satış Ticaret A.Ş.,A Kesim,,
TRENDYOLMİLLA Kahverengi Düz A Kesim Nakışlı Midi  Dokuma Elbise TWOSS25EL00059,Dokuma,,Regular,Kolsuz,Smart,Standart Kol,Düz,V Yaka,Kahverengi,Nakışlı,,,Astarlı,Midi,A-line,Casual/Günlük,Keten görünümlü,,,,,,Yaz,TR,DSM Grup Danışmanlık İletişim ve Satış Ticaret A.Ş.,A Kesim,,
TRENDYOLMİLLA Kahverengi Eteği Belden Açılan Triko Bant Detaylı Mini Dokuma Elbise TWOSS25EL00751,Dokuma,,Regular,Kolsuz,Cool & Comfort,Standart Kol,Düz,V Yaka,Kahverengi,,,,Astarsız,Mini,Skater,Casual/Günlük,Finike,,,,,,,TR,DSM Grup Danışmanlık İletişim ve Satış Ticaret A.Ş.,Eteği Belden Açılan,,
TRENDYOLMİLLA Mor Etnik Desenli Belden Açılan Fırfırlı Mini Dokuma Elbise TWOSS24EL00745,Dokuma,Polyester,Regular,Kısa,Feminine,Standart Kol,Çiçekli,Bisiklet Yaka,Mor,Fırfırlı,Cepsiz,,Astarlı,Mini,Skater,Gündüz / Gece,Şifon,,Kemersiz,Hayır,,Tüm Yaş Grupları,Yaz,TR,DSM Grup Danışmanlık İletişim ve Satış Ticaret A.Ş.,Eteği Belden Açılan,,
